label_disease_nm,gender,age,breed,eye_position,age_mean
안검염,암컷,0,노르웨이 숲,오른쪽눈,0.0
안검염,암컷,0,노르웨이 숲,왼쪽눈,0.0
안검염,암컷,0,노르웨이 숲,오른쪽눈,0.0
안검염,암컷,0,노르웨이 숲,오른쪽눈,0.0
안검염,암컷,0,노르웨이 숲,오른쪽눈,0.0
안검염,암컷,0,노르웨이 숲,오른쪽눈,0.0
안검염,암컷,0,노르웨이 숲,왼쪽눈,0.0
안검염,수컷,0,노르웨이 숲,오른쪽눈,0.0
안검염,수컷,0,노르웨이 숲,오른쪽눈,0.0
안검염,암컷,0,노르웨이 숲,왼쪽눈,0.0
안검염,수컷,5,데본 렉스,왼쪽눈,3.56
안검염,수컷,5,데본 렉스,왼쪽눈,3.56
안검염,수컷,0,데본 렉스,오른쪽눈,3.56
안검염,수컷,5,데본 렉스,왼쪽눈,3.56
안검염,수컷,5,데본 렉스,왼쪽눈,3.56
안검염,수컷,0,데본 렉스,왼쪽눈,3.56
안검염,암컷,3,데본 렉스,왼쪽눈,3.56
안검염,수컷,0,데본 렉스,왼쪽눈,3.56
안검염,수컷,5,데본 렉스,왼쪽눈,3.56
안검염,수컷,5,데본 렉스,오른쪽눈,3.56
안검염,수컷,5,데본 렉스,왼쪽눈,3.56
안검염,암컷,3,데본 렉스,왼쪽눈,3.56
안검염,암컷,3,데본 렉스,오른쪽눈,3.56
안검염,암컷,3,데본 렉스,오른쪽눈,3.56
안검염,암컷,3,데본 렉스,오른쪽눈,3.56
안검염,수컷,5,데본 렉스,왼쪽눈,3.56
안검염,수컷,5,데본 렉스,오른쪽눈,3.56
안검염,암컷,3,데본 렉스,왼쪽눈,3.56
안검염,암컷,3,데본 렉스,오른쪽눈,3.56
안검염,수컷,5,데본 렉스,오른쪽눈,3.56
안검염,수컷,0,데본 렉스,오른쪽눈,3.56
안검염,수컷,6,데본 렉스,왼쪽눈,3.56
안검염,수컷,6,데본 렉스,오른쪽눈,3.56
안검염,수컷,0,데본 렉스,오른쪽눈,3.56
안검염,수컷,6,데본 렉스,오른쪽눈,3.56
안검염,수컷,0,랙돌,오른쪽눈,3.0
안검염,암컷,4,랙돌,왼쪽눈,3.0
안검염,암컷,4,랙돌,오른쪽눈,3.0
안검염,암컷,4,랙돌,왼쪽눈,3.0
안검염,수컷,0,랙돌,오른쪽눈,3.0
안검염,수컷,4,랙돌,왼쪽눈,3.0
안검염,수컷,4,랙돌,오른쪽눈,3.0
안검염,수컷,1,랙돌,오른쪽눈,3.0
안검염,수컷,4,랙돌,왼쪽눈,3.0
안검염,수컷,4,랙돌,왼쪽눈,3.0
안검염,수컷,4,랙돌,오른쪽눈,3.0
안검염,암컷,4,랙돌,오른쪽눈,3.0
안검염,암컷,4,랙돌,왼쪽눈,3.0
안검염,수컷,4,랙돌,오른쪽눈,3.0
안검염,수컷,4,랙돌,왼쪽눈,3.0
안검염,수컷,1,랙돌,오른쪽눈,3.0
안검염,암컷,4,랙돌,왼쪽눈,3.0
안검염,수컷,4,랙돌,왼쪽눈,3.0
안검염,수컷,1,랙돌,오른쪽눈,3.0
안검염,수컷,1,랙돌,왼쪽눈,3.0
안검염,수컷,10,러시안 블루,왼쪽눈,3.68
안검염,수컷,0,러시안 블루,오른쪽눈,3.68
안검염,암컷,6,러시안 블루,왼쪽눈,3.68
안검염,암컷,6,러시안 블루,오른쪽눈,3.68
안검염,수컷,10,러시안 블루,왼쪽눈,3.68
안검염,암컷,6,러시안 블루,왼쪽눈,3.68
안검염,수컷,10,러시안 블루,왼쪽눈,3.68
안검염,암컷,6,러시안 블루,오른쪽눈,3.68
안검염,암컷,2,러시안 블루,오른쪽눈,3.68
안검염,암컷,6,러시안 블루,오른쪽눈,3.68
안검염,수컷,12,러시안 블루,왼쪽눈,3.68
안검염,수컷,10,러시안 블루,오른쪽눈,3.68
안검염,암컷,6,러시안 블루,오른쪽눈,3.68
안검염,수컷,10,러시안 블루,왼쪽눈,3.68
안검염,암컷,6,러시안 블루,오른쪽눈,3.68
안검염,수컷,10,러시안 블루,왼쪽눈,3.68
안검염,암컷,2,러시안 블루,오른쪽눈,3.68
안검염,암컷,5,러시안 블루,왼쪽눈,3.68
안검염,암컷,1,러시안 블루,오른쪽눈,3.68
안검염,암컷,5,러시안 블루,왼쪽눈,3.68
안검염,암컷,2,러시안 블루,왼쪽눈,3.68
안검염,수컷,2,러시안 블루,왼쪽눈,3.68
안검염,암컷,3,러시안 블루,오른쪽눈,3.68
안검염,암컷,5,러시안 블루,오른쪽눈,3.68
안검염,암컷,5,러시안 블루,왼쪽눈,3.68
안검염,암컷,1,러시안 블루,왼쪽눈,3.68
안검염,암컷,5,러시안 블루,오른쪽눈,3.68
안검염,암컷,5,러시안 블루,오른쪽눈,3.68
안검염,암컷,3,러시안 블루,오른쪽눈,3.68
안검염,암컷,3,러시안 블루,오른쪽눈,3.68
안검염,암컷,6,러시안 블루,오른쪽눈,3.68
안검염,암컷,1,러시안 블루,오른쪽눈,3.68
안검염,수컷,7,러시안 블루,오른쪽눈,3.68
안검염,암컷,4,러시안 블루,오른쪽눈,3.68
안검염,암컷,2,러시안 블루,왼쪽눈,3.68
안검염,암컷,1,러시안 블루,오른쪽눈,3.68
안검염,암컷,4,러시안 블루,왼쪽눈,3.68
안검염,암컷,2,러시안 블루,왼쪽눈,3.68
안검염,암컷,6,러시안 블루,왼쪽눈,3.68
안검염,수컷,2,러시안 블루,왼쪽눈,3.68
안검염,암컷,6,러시안 블루,오른쪽눈,3.68
안검염,암컷,2,러시안 블루,오른쪽눈,3.68
안검염,암컷,3,러시안 블루,오른쪽눈,3.68
안검염,암컷,1,러시안 블루,오른쪽눈,3.68
안검염,암컷,4,러시안 블루,오른쪽눈,3.68
안검염,암컷,1,러시안 블루,왼쪽눈,3.68
안검염,암컷,4,러시안 블루,왼쪽눈,3.68
안검염,암컷,1,러시안 블루,오른쪽눈,3.68
안검염,암컷,2,러시안 블루,왼쪽눈,3.68
안검염,암컷,3,러시안 블루,왼쪽눈,3.68
안검염,암컷,0,러시안 블루,오른쪽눈,3.68
안검염,암컷,6,러시안 블루,왼쪽눈,3.68
안검염,암컷,6,러시안 블루,오른쪽눈,3.68
안검염,암컷,5,러시안 블루,왼쪽눈,3.68
안검염,암컷,2,러시안 블루,왼쪽눈,3.68
안검염,수컷,2,러시안 블루,왼쪽눈,3.68
안검염,암컷,4,러시안 블루,오른쪽눈,3.68
안검염,수컷,2,러시안 블루,왼쪽눈,3.68
안검염,암컷,6,러시안 블루,오른쪽눈,3.68
안검염,수컷,2,러시안 블루,오른쪽눈,3.68
안검염,암컷,1,러시안 블루,왼쪽눈,3.68
안검염,암컷,1,러시안 블루,왼쪽눈,3.68
안검염,암컷,6,러시안 블루,왼쪽눈,3.68
안검염,암컷,4,러시안 블루,오른쪽눈,3.68
안검염,암컷,4,러시안 블루,왼쪽눈,3.68
안검염,암컷,1,러시안 블루,왼쪽눈,3.68
안검염,암컷,1,러시안 블루,오른쪽눈,3.68
안검염,암컷,6,러시안 블루,오른쪽눈,3.68
안검염,암컷,5,러시안 블루,왼쪽눈,3.68
안검염,수컷,2,러시안 블루,왼쪽눈,3.68
안검염,수컷,7,러시안 블루,오른쪽눈,3.68
안검염,암컷,5,러시안 블루,왼쪽눈,3.68
안검염,암컷,4,러시안 블루,왼쪽눈,3.68
안검염,수컷,2,러시안 블루,오른쪽눈,3.68
안검염,암컷,6,러시안 블루,왼쪽눈,3.68
안검염,암컷,4,러시안 블루,왼쪽눈,3.68
안검염,암컷,6,러시안 블루,오른쪽눈,3.68
안검염,암컷,1,러시안 블루,왼쪽눈,3.68
안검염,암컷,3,러시안 블루,왼쪽눈,3.68
안검염,암컷,3,러시안 블루,오른쪽눈,3.68
안검염,암컷,5,러시안 블루,오른쪽눈,3.68
안검염,암컷,2,러시안 블루,오른쪽눈,3.68
안검염,암컷,1,러시안 블루,왼쪽눈,3.68
안검염,암컷,2,러시안 블루,왼쪽눈,3.68
안검염,암컷,3,러시안 블루,오른쪽눈,3.68
안검염,암컷,6,러시안 블루,오른쪽눈,3.68
안검염,암컷,6,러시안 블루,왼쪽눈,3.68
안검염,암컷,1,러시안 블루,왼쪽눈,3.68
안검염,암컷,1,러시안 블루,오른쪽눈,3.68
안검염,암컷,4,러시안 블루,왼쪽눈,3.68
안검염,암컷,2,러시안 블루,왼쪽눈,3.68
안검염,암컷,1,러시안 블루,오른쪽눈,3.68
안검염,암컷,1,러시안 블루,왼쪽눈,3.68
안검염,암컷,5,러시안 블루,왼쪽눈,3.68
안검염,수컷,2,러시안 블루,왼쪽눈,3.68
안검염,수컷,2,러시안 블루,오른쪽눈,3.68
안검염,암컷,6,러시안 블루,오른쪽눈,3.68
안검염,암컷,5,러시안 블루,오른쪽눈,3.68
안검염,암컷,1,러시안 블루,왼쪽눈,3.68
안검염,암컷,1,러시안 블루,왼쪽눈,3.68
안검염,암컷,3,러시안 블루,왼쪽눈,3.68
안검염,암컷,0,러시안 블루,왼쪽눈,3.68
안검염,암컷,1,러시안 블루,왼쪽눈,3.68
안검염,암컷,6,러시안 블루,오른쪽눈,3.68
안검염,암컷,4,러시안 블루,왼쪽눈,3.68
안검염,암컷,5,러시안 블루,오른쪽눈,3.68
안검염,암컷,5,러시안 블루,왼쪽눈,3.68
안검염,암컷,1,러시안 블루,오른쪽눈,3.68
안검염,암컷,2,러시안 블루,왼쪽눈,3.68
안검염,암컷,0,러시안 블루,왼쪽눈,3.68
안검염,수컷,1,러시안 블루,왼쪽눈,3.68
안검염,수컷,1,러시안 블루,오른쪽눈,3.68
안검염,암컷,0,러시안 블루,오른쪽눈,3.68
안검염,수컷,1,러시안 블루,오른쪽눈,3.68
안검염,수컷,0,먼치킨,왼쪽눈,2.52
안검염,수컷,0,먼치킨,오른쪽눈,2.52
안검염,수컷,0,먼치킨,왼쪽눈,2.52
안검염,암컷,2,먼치킨,왼쪽눈,2.52
안검염,수컷,3,먼치킨,오른쪽눈,2.52
안검염,수컷,0,먼치킨,왼쪽눈,2.52
안검염,수컷,1,먼치킨,왼쪽눈,2.52
안검염,수컷,1,먼치킨,왼쪽눈,2.52
안검염,수컷,3,먼치킨,오른쪽눈,2.52
안검염,수컷,1,먼치킨,왼쪽눈,2.52
안검염,수컷,3,먼치킨,왼쪽눈,2.52
안검염,수컷,3,먼치킨,왼쪽눈,2.52
안검염,수컷,0,먼치킨,왼쪽눈,2.52
안검염,수컷,0,먼치킨,왼쪽눈,2.52
안검염,수컷,3,먼치킨,왼쪽눈,2.52
안검염,암컷,2,먼치킨,오른쪽눈,2.52
안검염,수컷,0,먼치킨,오른쪽눈,2.52
안검염,수컷,0,먼치킨,왼쪽눈,2.52
안검염,수컷,0,먼치킨,오른쪽눈,2.52
안검염,암컷,2,먼치킨,오른쪽눈,2.52
안검염,수컷,0,먼치킨,왼쪽눈,2.52
안검염,수컷,1,먼치킨,오른쪽눈,2.52
안검염,암컷,4,먼치킨,오른쪽눈,2.52
안검염,수컷,1,먼치킨,오른쪽눈,2.52
안검염,수컷,1,먼치킨,오른쪽눈,2.52
안검염,수컷,5,먼치킨,왼쪽눈,2.52
안검염,수컷,1,먼치킨,왼쪽눈,2.52
안검염,수컷,1,먼치킨,왼쪽눈,2.52
안검염,수컷,1,먼치킨,왼쪽눈,2.52
안검염,수컷,1,먼치킨,왼쪽눈,2.52
안검염,수컷,1,먼치킨,왼쪽눈,2.52
안검염,수컷,1,먼치킨,왼쪽눈,2.52
안검염,암컷,9,먼치킨,오른쪽눈,2.52
안검염,암컷,9,먼치킨,오른쪽눈,2.52
안검염,수컷,1,먼치킨,오른쪽눈,2.52
안검염,암컷,4,먼치킨,오른쪽눈,2.52
안검염,암컷,4,먼치킨,오른쪽눈,2.52
안검염,수컷,1,먼치킨,오른쪽눈,2.52
안검염,암컷,4,먼치킨,오른쪽눈,2.52
안검염,수컷,1,먼치킨,왼쪽눈,2.52
안검염,수컷,1,먼치킨,오른쪽눈,2.52
안검염,암컷,4,먼치킨,오른쪽눈,2.52
안검염,수컷,1,먼치킨,왼쪽눈,2.52
안검염,수컷,0,먼치킨,왼쪽눈,2.52
안검염,암컷,9,먼치킨,오른쪽눈,2.52
안검염,수컷,1,먼치킨,오른쪽눈,2.52
안검염,암컷,9,먼치킨,왼쪽눈,2.52
안검염,암컷,4,먼치킨,오른쪽눈,2.52
안검염,수컷,1,먼치킨,왼쪽눈,2.52
안검염,암컷,9,먼치킨,왼쪽눈,2.52
안검염,수컷,1,먼치킨,오른쪽눈,2.52
안검염,수컷,5,먼치킨,왼쪽눈,2.52
안검염,암컷,9,먼치킨,왼쪽눈,2.52
안검염,암컷,1,먼치킨,왼쪽눈,2.52
안검염,암컷,9,먼치킨,왼쪽눈,2.52
안검염,수컷,1,먼치킨,왼쪽눈,2.52
안검염,암컷,4,먼치킨,오른쪽눈,2.52
안검염,수컷,1,먼치킨,오른쪽눈,2.52
안검염,수컷,1,먼치킨,오른쪽눈,2.52
안검염,수컷,1,먼치킨,왼쪽눈,2.52
안검염,수컷,1,먼치킨,왼쪽눈,2.52
안검염,수컷,1,먼치킨,왼쪽눈,2.52
안검염,암컷,9,먼치킨,오른쪽눈,2.52
안검염,수컷,3,먼치킨,왼쪽눈,2.52
안검염,수컷,3,먼치킨,오른쪽눈,2.52
안검염,수컷,1,메인 쿤,왼쪽눈,1.0
안검염,암컷,1,벵갈,오른쪽눈,1.46
안검염,수컷,0,벵갈,오른쪽눈,1.46
안검염,수컷,1,벵갈,오른쪽눈,1.46
안검염,수컷,2,벵갈,오른쪽눈,1.46
안검염,수컷,2,벵갈,왼쪽눈,1.46
안검염,암컷,4,벵갈,오른쪽눈,1.46
안검염,수컷,0,벵갈,왼쪽눈,1.46
안검염,암컷,4,벵갈,왼쪽눈,1.46
안검염,수컷,0,벵갈,오른쪽눈,1.46
안검염,수컷,2,벵갈,왼쪽눈,1.46
안검염,암컷,4,벵갈,왼쪽눈,1.46
안검염,수컷,1,벵갈,왼쪽눈,1.46
안검염,암컷,1,벵갈,오른쪽눈,1.46
안검염,수컷,1,벵갈,오른쪽눈,1.46
안검염,수컷,0,벵갈,오른쪽눈,1.46
안검염,수컷,2,벵갈,왼쪽눈,1.46
안검염,수컷,2,벵갈,왼쪽눈,1.46
안검염,암컷,4,벵갈,오른쪽눈,1.46
안검염,암컷,1,벵갈,왼쪽눈,1.46
안검염,수컷,2,벵갈,오른쪽눈,1.46
안검염,수컷,0,벵갈,왼쪽눈,1.46
안검염,수컷,0,벵갈,왼쪽눈,1.46
안검염,수컷,2,벵갈,오른쪽눈,1.46
안검염,수컷,2,벵갈,오른쪽눈,1.46
안검염,암컷,4,벵갈,왼쪽눈,1.46
안검염,암컷,4,벵갈,오른쪽눈,1.46
안검염,수컷,2,벵갈,오른쪽눈,1.46
안검염,수컷,2,벵갈,왼쪽눈,1.46
안검염,수컷,0,벵갈,오른쪽눈,1.46
안검염,수컷,2,벵갈,왼쪽눈,1.46
안검염,수컷,2,벵갈,오른쪽눈,1.46
안검염,수컷,0,벵갈,왼쪽눈,1.46
안검염,수컷,0,벵갈,왼쪽눈,1.46
안검염,수컷,0,벵갈,왼쪽눈,1.46
안검염,수컷,0,벵갈,오른쪽눈,1.46
안검염,수컷,0,벵갈,왼쪽눈,1.46
안검염,수컷,0,벵갈,오른쪽눈,1.46
안검염,암컷,2,브리티쉬 숏헤어,오른쪽눈,2.06
안검염,암컷,0,브리티쉬 숏헤어,왼쪽눈,2.06
안검염,수컷,1,브리티쉬 숏헤어,오른쪽눈,2.06
안검염,암컷,0,브리티쉬 숏헤어,왼쪽눈,2.06
안검염,수컷,1,브리티쉬 숏헤어,왼쪽눈,2.06
안검염,암컷,0,브리티쉬 숏헤어,왼쪽눈,2.06
안검염,수컷,1,브리티쉬 숏헤어,오른쪽눈,2.06
안검염,수컷,1,브리티쉬 숏헤어,왼쪽눈,2.06
안검염,암컷,0,브리티쉬 숏헤어,왼쪽눈,2.06
안검염,수컷,1,브리티쉬 숏헤어,오른쪽눈,2.06
안검염,수컷,1,브리티쉬 숏헤어,오른쪽눈,2.06
안검염,수컷,1,브리티쉬 숏헤어,왼쪽눈,2.06
안검염,수컷,0,브리티쉬 숏헤어,왼쪽눈,2.06
안검염,암컷,0,브리티쉬 숏헤어,왼쪽눈,2.06
안검염,수컷,0,브리티쉬 숏헤어,왼쪽눈,2.06
안검염,암컷,2,브리티쉬 숏헤어,오른쪽눈,2.06
안검염,수컷,1,브리티쉬 숏헤어,오른쪽눈,2.06
안검염,수컷,7,브리티쉬 숏헤어,오른쪽눈,2.06
안검염,수컷,1,브리티쉬 숏헤어,왼쪽눈,2.06
안검염,수컷,7,브리티쉬 숏헤어,왼쪽눈,2.06
안검염,수컷,1,브리티쉬 숏헤어,왼쪽눈,2.06
안검염,수컷,6,브리티쉬 숏헤어,왼쪽눈,2.06
안검염,수컷,6,브리티쉬 숏헤어,오른쪽눈,2.06
안검염,수컷,1,브리티쉬 숏헤어,왼쪽눈,2.06
안검염,암컷,1,브리티쉬 숏헤어,오른쪽눈,2.06
안검염,암컷,1,브리티쉬 숏헤어,왼쪽눈,2.06
안검염,수컷,7,브리티쉬 숏헤어,오른쪽눈,2.06
안검염,수컷,1,브리티쉬 숏헤어,왼쪽눈,2.06
안검염,암컷,1,브리티쉬 숏헤어,오른쪽눈,2.06
안검염,수컷,7,브리티쉬 숏헤어,왼쪽눈,2.06
안검염,수컷,5,브리티쉬 숏헤어,왼쪽눈,2.06
안검염,암컷,1,브리티쉬 숏헤어,왼쪽눈,2.06
안검염,수컷,7,브리티쉬 숏헤어,왼쪽눈,2.06
안검염,수컷,1,브리티쉬 숏헤어,오른쪽눈,2.06
안검염,수컷,7,브리티쉬 숏헤어,왼쪽눈,2.06
안검염,암컷,1,브리티쉬 숏헤어,왼쪽눈,2.06
안검염,수컷,0,브리티쉬 숏헤어,오른쪽눈,2.06
안검염,수컷,5,브리티쉬 숏헤어,오른쪽눈,2.06
안검염,수컷,7,브리티쉬 숏헤어,오른쪽눈,2.06
안검염,수컷,1,브리티쉬 숏헤어,왼쪽눈,2.06
안검염,암컷,1,브리티쉬 숏헤어,오른쪽눈,2.06
안검염,수컷,5,브리티쉬 숏헤어,왼쪽눈,2.06
안검염,수컷,7,브리티쉬 숏헤어,오른쪽눈,2.06
안검염,암컷,1,브리티쉬 숏헤어,오른쪽눈,2.06
안검염,수컷,6,브리티쉬 숏헤어,왼쪽눈,2.06
안검염,수컷,1,브리티쉬 숏헤어,오른쪽눈,2.06
안검염,수컷,0,브리티쉬 숏헤어,오른쪽눈,2.06
안검염,수컷,5,브리티쉬 숏헤어,왼쪽눈,2.06
안검염,수컷,0,브리티쉬 숏헤어,왼쪽눈,2.06
안검염,수컷,5,브리티쉬 숏헤어,오른쪽눈,2.06
안검염,수컷,1,브리티쉬 숏헤어,오른쪽눈,2.06
안검염,수컷,7,브리티쉬 숏헤어,왼쪽눈,2.06
안검염,수컷,5,브리티쉬 숏헤어,오른쪽눈,2.06
안검염,수컷,0,브리티쉬 숏헤어,왼쪽눈,2.06
안검염,암컷,1,브리티쉬 숏헤어,오른쪽눈,2.06
안검염,수컷,5,브리티쉬 숏헤어,오른쪽눈,2.06
안검염,암컷,1,브리티쉬 숏헤어,오른쪽눈,2.06
안검염,수컷,1,브리티쉬 숏헤어,왼쪽눈,2.06
안검염,수컷,5,브리티쉬 숏헤어,오른쪽눈,2.06
안검염,수컷,11,브리티쉬 숏헤어,왼쪽눈,2.06
안검염,수컷,7,브리티쉬 숏헤어,왼쪽눈,2.06
안검염,수컷,11,브리티쉬 숏헤어,왼쪽눈,2.06
안검염,수컷,1,브리티쉬 숏헤어,왼쪽눈,2.06
안검염,암컷,0,브리티쉬 숏헤어,오른쪽눈,2.06
안검염,수컷,11,브리티쉬 숏헤어,오른쪽눈,2.06
안검염,수컷,1,브리티쉬 숏헤어,왼쪽눈,2.06
안검염,수컷,5,브리티쉬 숏헤어,왼쪽눈,2.06
안검염,수컷,11,브리티쉬 숏헤어,왼쪽눈,2.06
안검염,수컷,1,브리티쉬 숏헤어,왼쪽눈,2.06
안검염,수컷,1,브리티쉬 숏헤어,왼쪽눈,2.06
안검염,수컷,1,브리티쉬 숏헤어,오른쪽눈,2.06
안검염,수컷,1,브리티쉬 숏헤어,왼쪽눈,2.06
안검염,수컷,1,브리티쉬 숏헤어,오른쪽눈,2.06
안검염,수컷,1,브리티쉬 숏헤어,왼쪽눈,2.06
안검염,수컷,1,브리티쉬 숏헤어,오른쪽눈,2.06
안검염,수컷,1,브리티쉬 숏헤어,오른쪽눈,2.06
안검염,수컷,1,브리티쉬 숏헤어,오른쪽눈,2.06
안검염,수컷,1,브리티쉬 숏헤어,왼쪽눈,2.06
안검염,수컷,1,브리티쉬 숏헤어,오른쪽눈,2.06
안검염,수컷,1,브리티쉬 숏헤어,왼쪽눈,2.06
안검염,수컷,1,브리티쉬 숏헤어,왼쪽눈,2.06
안검염,수컷,1,브리티쉬 숏헤어,오른쪽눈,2.06
안검염,수컷,1,브리티쉬 숏헤어,오른쪽눈,2.06
안검염,수컷,1,브리티쉬 숏헤어,오른쪽눈,2.06
안검염,수컷,1,브리티쉬 숏헤어,오른쪽눈,2.06
안검염,수컷,1,브리티쉬 숏헤어,오른쪽눈,2.06
안검염,수컷,1,브리티쉬 숏헤어,오른쪽눈,2.06
안검염,수컷,1,브리티쉬 숏헤어,왼쪽눈,2.06
안검염,수컷,1,브리티쉬 숏헤어,왼쪽눈,2.06
안검염,수컷,1,브리티쉬 숏헤어,왼쪽눈,2.06
안검염,수컷,1,브리티쉬 숏헤어,오른쪽눈,2.06
안검염,수컷,1,브리티쉬 숏헤어,오른쪽눈,2.06
안검염,수컷,1,브리티쉬 숏헤어,오른쪽눈,2.06
안검염,수컷,1,브리티쉬 숏헤어,오른쪽눈,2.06
안검염,수컷,1,브리티쉬 숏헤어,왼쪽눈,2.06
안검염,수컷,1,브리티쉬 숏헤어,왼쪽눈,2.06
안검염,수컷,1,브리티쉬 숏헤어,왼쪽눈,2.06
안검염,수컷,1,브리티쉬 숏헤어,오른쪽눈,2.06
안검염,수컷,1,브리티쉬 숏헤어,오른쪽눈,2.06
안검염,수컷,1,브리티쉬 숏헤어,왼쪽눈,2.06
안검염,수컷,1,브리티쉬 숏헤어,왼쪽눈,2.06
안검염,수컷,1,브리티쉬 숏헤어,왼쪽눈,2.06
안검염,수컷,1,브리티쉬 숏헤어,왼쪽눈,2.06
안검염,수컷,1,브리티쉬 숏헤어,오른쪽눈,2.06
안검염,수컷,1,브리티쉬 숏헤어,왼쪽눈,2.06
안검염,수컷,1,브리티쉬 숏헤어,왼쪽눈,2.06
안검염,수컷,1,브리티쉬 숏헤어,오른쪽눈,2.06
안검염,수컷,1,브리티쉬 숏헤어,오른쪽눈,2.06
안검염,수컷,1,브리티쉬 숏헤어,왼쪽눈,2.06
안검염,수컷,1,브리티쉬 숏헤어,왼쪽눈,2.06
안검염,수컷,1,브리티쉬 숏헤어,오른쪽눈,2.06
안검염,수컷,1,브리티쉬 숏헤어,오른쪽눈,2.06
안검염,수컷,1,브리티쉬 숏헤어,왼쪽눈,2.06
안검염,수컷,1,브리티쉬 숏헤어,왼쪽눈,2.06
안검염,수컷,1,브리티쉬 숏헤어,오른쪽눈,2.06
안검염,수컷,1,브리티쉬 숏헤어,오른쪽눈,2.06
안검염,수컷,1,브리티쉬 숏헤어,오른쪽눈,2.06
안검염,수컷,1,브리티쉬 숏헤어,왼쪽눈,2.06
안검염,수컷,1,브리티쉬 숏헤어,오른쪽눈,2.06
안검염,수컷,1,브리티쉬 숏헤어,오른쪽눈,2.06
안검염,수컷,1,브리티쉬 숏헤어,오른쪽눈,2.06
안검염,수컷,1,브리티쉬 숏헤어,오른쪽눈,2.06
안검염,수컷,1,브리티쉬 숏헤어,오른쪽눈,2.06
안검염,수컷,1,브리티쉬 숏헤어,왼쪽눈,2.06
안검염,수컷,1,브리티쉬 숏헤어,오른쪽눈,2.06
안검염,수컷,1,브리티쉬 숏헤어,오른쪽눈,2.06
안검염,수컷,1,브리티쉬 숏헤어,왼쪽눈,2.06
안검염,수컷,1,브리티쉬 숏헤어,왼쪽눈,2.06
안검염,수컷,1,브리티쉬 숏헤어,왼쪽눈,2.06
안검염,수컷,1,브리티쉬 숏헤어,오른쪽눈,2.06
안검염,수컷,1,브리티쉬 숏헤어,오른쪽눈,2.06
안검염,암컷,0,브리티쉬 숏헤어,오른쪽눈,2.06
안검염,암컷,0,샴(샤미즈),오른쪽눈,3.12
안검염,암컷,3,샴(샤미즈),왼쪽눈,3.12
안검염,암컷,3,샴(샤미즈),왼쪽눈,3.12
안검염,암컷,3,샴(샤미즈),오른쪽눈,3.12
안검염,암컷,3,샴(샤미즈),오른쪽눈,3.12
안검염,암컷,0,샴(샤미즈),오른쪽눈,3.12
안검염,암컷,9,샴(샤미즈),오른쪽눈,3.12
안검염,암컷,3,샴(샤미즈),왼쪽눈,3.12
안검염,암컷,3,샴(샤미즈),왼쪽눈,3.12
안검염,암컷,3,샴(샤미즈),왼쪽눈,3.12
안검염,암컷,0,샴(샤미즈),오른쪽눈,3.12
안검염,암컷,3,샴(샤미즈),왼쪽눈,3.12
안검염,암컷,9,샴(샤미즈),오른쪽눈,3.12
안검염,암컷,3,샴(샤미즈),왼쪽눈,3.12
안검염,암컷,3,샴(샤미즈),왼쪽눈,3.12
안검염,암컷,3,샴(샤미즈),왼쪽눈,3.12
안검염,암컷,9,샴(샤미즈),오른쪽눈,3.12
안검염,암컷,3,샴(샤미즈),왼쪽눈,3.12
안검염,암컷,9,샴(샤미즈),오른쪽눈,3.12
안검염,암컷,3,샴(샤미즈),왼쪽눈,3.12
안검염,암컷,0,샴(샤미즈),오른쪽눈,3.12
안검염,수컷,1,샴(샤미즈),오른쪽눈,3.12
안검염,암컷,6,샴(샤미즈),오른쪽눈,3.12
안검염,암컷,6,샴(샤미즈),왼쪽눈,3.12
안검염,암컷,6,샴(샤미즈),왼쪽눈,3.12
안검염,암컷,1,샴(샤미즈),왼쪽눈,3.12
안검염,암컷,6,샴(샤미즈),오른쪽눈,3.12
안검염,수컷,1,샴(샤미즈),왼쪽눈,3.12
안검염,수컷,6,샴(샤미즈),왼쪽눈,3.12
안검염,수컷,1,샴(샤미즈),오른쪽눈,3.12
안검염,암컷,6,샴(샤미즈),오른쪽눈,3.12
안검염,암컷,6,샴(샤미즈),왼쪽눈,3.12
안검염,암컷,6,샴(샤미즈),오른쪽눈,3.12
안검염,암컷,6,샴(샤미즈),왼쪽눈,3.12
안검염,수컷,1,샴(샤미즈),왼쪽눈,3.12
안검염,수컷,0,샴(샤미즈),오른쪽눈,3.12
안검염,수컷,0,샴(샤미즈),오른쪽눈,3.12
안검염,수컷,0,샴(샤미즈),왼쪽눈,3.12
안검염,수컷,0,샴(샤미즈),왼쪽눈,3.12
안검염,수컷,0,샴(샤미즈),오른쪽눈,3.12
안검염,수컷,0,샴(샤미즈),왼쪽눈,3.12
안검염,수컷,0,샴(샤미즈),오른쪽눈,3.12
안검염,수컷,0,샴(샤미즈),왼쪽눈,3.12
안검염,수컷,0,셀커크 렉스,오른쪽눈,0.0
안검염,수컷,0,셀커크 렉스,왼쪽눈,0.0
안검염,수컷,0,셀커크 렉스,왼쪽눈,0.0
안검염,암컷,9,스코티시 스트레이트,오른쪽눈,8.71
안검염,암컷,9,스코티시 스트레이트,왼쪽눈,8.71
안검염,암컷,9,스코티시 스트레이트,왼쪽눈,8.71
안검염,암컷,9,스코티시 스트레이트,왼쪽눈,8.71
안검염,암컷,8,스코티시 스트레이트,오른쪽눈,8.71
안검염,암컷,9,스코티시 스트레이트,왼쪽눈,8.71
안검염,암컷,8,스코티시 스트레이트,왼쪽눈,8.71
안검염,수컷,2,스코티시 폴드,오른쪽눈,3.68
안검염,수컷,7,스코티시 폴드,왼쪽눈,3.68
안검염,수컷,1,스코티시 폴드,오른쪽눈,3.68
안검염,수컷,0,스코티시 폴드,왼쪽눈,3.68
안검염,수컷,9,스코티시 폴드,왼쪽눈,3.68
안검염,수컷,1,스코티시 폴드,오른쪽눈,3.68
안검염,암컷,3,스코티시 폴드,오른쪽눈,3.68
안검염,수컷,2,스코티시 폴드,오른쪽눈,3.68
안검염,수컷,0,스코티시 폴드,왼쪽눈,3.68
안검염,수컷,7,스코티시 폴드,왼쪽눈,3.68
안검염,수컷,1,스코티시 폴드,오른쪽눈,3.68
안검염,수컷,3,스코티시 폴드,왼쪽눈,3.68
안검염,수컷,2,스코티시 폴드,오른쪽눈,3.68
안검염,암컷,0,스코티시 폴드,오른쪽눈,3.68
안검염,암컷,3,스코티시 폴드,오른쪽눈,3.68
안검염,수컷,7,스코티시 폴드,왼쪽눈,3.68
안검염,수컷,7,스코티시 폴드,오른쪽눈,3.68
안검염,암컷,3,스코티시 폴드,오른쪽눈,3.68
안검염,수컷,7,스코티시 폴드,왼쪽눈,3.68
안검염,암컷,0,스코티시 폴드,왼쪽눈,3.68
안검염,수컷,2,스코티시 폴드,오른쪽눈,3.68
안검염,암컷,3,스코티시 폴드,오른쪽눈,3.68
안검염,암컷,3,스코티시 폴드,오른쪽눈,3.68
안검염,암컷,3,스코티시 폴드,오른쪽눈,3.68
안검염,수컷,0,스코티시 폴드,왼쪽눈,3.68
안검염,암컷,3,스코티시 폴드,왼쪽눈,3.68
안검염,암컷,1,스코티시 폴드,오른쪽눈,3.68
안검염,수컷,2,스코티시 폴드,오른쪽눈,3.68
안검염,암컷,0,스코티시 폴드,왼쪽눈,3.68
안검염,수컷,3,스코티시 폴드,오른쪽눈,3.68
안검염,암컷,3,스코티시 폴드,왼쪽눈,3.68
안검염,암컷,0,스코티시 폴드,오른쪽눈,3.68
안검염,수컷,0,스코티시 폴드,오른쪽눈,3.68
안검염,암컷,3,스코티시 폴드,왼쪽눈,3.68
안검염,수컷,2,스코티시 폴드,오른쪽눈,3.68
안검염,수컷,2,스코티시 폴드,오른쪽눈,3.68
안검염,수컷,0,스코티시 폴드,오른쪽눈,3.68
안검염,암컷,3,스코티시 폴드,왼쪽눈,3.68
안검염,수컷,0,스코티시 폴드,왼쪽눈,3.68
안검염,수컷,2,스코티시 폴드,오른쪽눈,3.68
안검염,수컷,2,스코티시 폴드,오른쪽눈,3.68
안검염,암컷,3,스코티시 폴드,오른쪽눈,3.68
안검염,수컷,7,스코티시 폴드,왼쪽눈,3.68
안검염,수컷,0,스코티시 폴드,왼쪽눈,3.68
안검염,수컷,7,스코티시 폴드,왼쪽눈,3.68
안검염,수컷,7,스코티시 폴드,오른쪽눈,3.68
안검염,수컷,7,스코티시 폴드,오른쪽눈,3.68
안검염,수컷,7,스코티시 폴드,오른쪽눈,3.68
안검염,수컷,8,스코티시 폴드,오른쪽눈,3.68
안검염,암컷,3,스코티시 폴드,오른쪽눈,3.68
안검염,수컷,7,스코티시 폴드,오른쪽눈,3.68
안검염,수컷,7,스코티시 폴드,오른쪽눈,3.68
안검염,암컷,1,스코티시 폴드,오른쪽눈,3.68
안검염,수컷,7,스코티시 폴드,왼쪽눈,3.68
안검염,수컷,7,스코티시 폴드,왼쪽눈,3.68
안검염,수컷,1,스코티시 폴드,왼쪽눈,3.68
안검염,암컷,1,스코티시 폴드,왼쪽눈,3.68
안검염,수컷,7,스코티시 폴드,왼쪽눈,3.68
안검염,수컷,7,스코티시 폴드,오른쪽눈,3.68
안검염,암컷,1,스코티시 폴드,오른쪽눈,3.68
안검염,수컷,7,스코티시 폴드,왼쪽눈,3.68
안검염,수컷,2,스코티시 폴드,왼쪽눈,3.68
안검염,수컷,0,스코티시 폴드,왼쪽눈,3.68
안검염,수컷,2,스코티시 폴드,왼쪽눈,3.68
안검염,암컷,1,스코티시 폴드,왼쪽눈,3.68
안검염,수컷,7,스코티시 폴드,오른쪽눈,3.68
안검염,수컷,7,스코티시 폴드,오른쪽눈,3.68
안검염,암컷,3,스코티시 폴드,오른쪽눈,3.68
안검염,암컷,1,스코티시 폴드,오른쪽눈,3.68
안검염,수컷,1,스코티시 폴드,왼쪽눈,3.68
안검염,수컷,7,스코티시 폴드,오른쪽눈,3.68
안검염,수컷,7,스코티시 폴드,왼쪽눈,3.68
안검염,수컷,7,스코티시 폴드,오른쪽눈,3.68
안검염,수컷,7,스코티시 폴드,오른쪽눈,3.68
안검염,수컷,7,스코티시 폴드,왼쪽눈,3.68
안검염,암컷,3,스코티시 폴드,왼쪽눈,3.68
안검염,수컷,2,스코티시 폴드,오른쪽눈,3.68
안검염,암컷,1,스코티시 폴드,오른쪽눈,3.68
안검염,수컷,2,스코티시 폴드,왼쪽눈,3.68
안검염,수컷,7,스코티시 폴드,왼쪽눈,3.68
안검염,수컷,7,스코티시 폴드,오른쪽눈,3.68
안검염,암컷,1,스코티시 폴드,왼쪽눈,3.68
안검염,수컷,7,스코티시 폴드,오른쪽눈,3.68
안검염,암컷,1,스코티시 폴드,오른쪽눈,3.68
안검염,수컷,7,스코티시 폴드,왼쪽눈,3.68
안검염,수컷,7,스코티시 폴드,왼쪽눈,3.68
안검염,수컷,2,스코티시 폴드,왼쪽눈,3.68
안검염,수컷,7,스코티시 폴드,왼쪽눈,3.68
안검염,수컷,0,스코티시 폴드,오른쪽눈,3.68
안검염,암컷,3,스코티시 폴드,오른쪽눈,3.68
안검염,암컷,1,스코티시 폴드,왼쪽눈,3.68
안검염,수컷,7,스코티시 폴드,오른쪽눈,3.68
안검염,암컷,1,스코티시 폴드,오른쪽눈,3.68
안검염,수컷,7,스코티시 폴드,왼쪽눈,3.68
안검염,수컷,7,스코티시 폴드,오른쪽눈,3.68
안검염,수컷,7,스코티시 폴드,오른쪽눈,3.68
안검염,수컷,8,스코티시 폴드,오른쪽눈,3.68
안검염,암컷,3,스코티시 폴드,오른쪽눈,3.68
안검염,수컷,7,스코티시 폴드,왼쪽눈,3.68
안검염,암컷,1,스코티시 폴드,오른쪽눈,3.68
안검염,수컷,7,스코티시 폴드,왼쪽눈,3.68
안검염,수컷,9,스코티시 폴드,오른쪽눈,3.68
안검염,수컷,9,스코티시 폴드,오른쪽눈,3.68
안검염,수컷,9,스코티시 폴드,오른쪽눈,3.68
안검염,수컷,0,스코티시 폴드,오른쪽눈,3.68
안검염,수컷,1,스코티시 폴드,왼쪽눈,3.68
안검염,수컷,0,스코티시 폴드,왼쪽눈,3.68
안검염,수컷,0,스코티시 폴드,왼쪽눈,3.68
안검염,수컷,1,스코티시 폴드,오른쪽눈,3.68
안검염,수컷,0,스코티시 폴드,오른쪽눈,3.68
안검염,수컷,0,스핑크스,오른쪽눈,2.96
안검염,수컷,3,스핑크스,왼쪽눈,2.96
안검염,암컷,3,스핑크스,왼쪽눈,2.96
안검염,수컷,5,스핑크스,오른쪽눈,2.96
안검염,암컷,3,스핑크스,오른쪽눈,2.96
안검염,수컷,3,스핑크스,왼쪽눈,2.96
안검염,수컷,5,스핑크스,오른쪽눈,2.96
안검염,수컷,3,스핑크스,왼쪽눈,2.96
안검염,수컷,0,스핑크스,왼쪽눈,2.96
안검염,암컷,3,스핑크스,왼쪽눈,2.96
안검염,수컷,3,스핑크스,왼쪽눈,2.96
안검염,수컷,3,스핑크스,왼쪽눈,2.96
안검염,수컷,0,스핑크스,오른쪽눈,2.96
안검염,암컷,3,스핑크스,오른쪽눈,2.96
안검염,수컷,5,스핑크스,오른쪽눈,2.96
안검염,수컷,3,스핑크스,오른쪽눈,2.96
안검염,수컷,3,스핑크스,오른쪽눈,2.96
안검염,수컷,3,스핑크스,오른쪽눈,2.96
안검염,수컷,3,스핑크스,오른쪽눈,2.96
안검염,수컷,3,스핑크스,오른쪽눈,2.96
안검염,수컷,3,스핑크스,왼쪽눈,2.96
안검염,수컷,3,스핑크스,왼쪽눈,2.96
안검염,암컷,3,스핑크스,오른쪽눈,2.96
안검염,수컷,3,스핑크스,오른쪽눈,2.96
안검염,암컷,3,스핑크스,왼쪽눈,2.96
안검염,수컷,5,스핑크스,오른쪽눈,2.96
안검염,암컷,3,스핑크스,오른쪽눈,2.96
안검염,수컷,3,스핑크스,왼쪽눈,2.96
안검염,암컷,3,스핑크스,왼쪽눈,2.96
안검염,수컷,3,스핑크스,오른쪽눈,2.96
안검염,암컷,3,스핑크스,왼쪽눈,2.96
안검염,암컷,0,스핑크스,오른쪽눈,2.96
안검염,수컷,3,스핑크스,왼쪽눈,2.96
안검염,수컷,0,스핑크스,왼쪽눈,2.96
안검염,암컷,3,스핑크스,오른쪽눈,2.96
안검염,수컷,0,스핑크스,왼쪽눈,2.96
안검염,수컷,3,스핑크스,오른쪽눈,2.96
안검염,암컷,3,스핑크스,오른쪽눈,2.96
안검염,수컷,4,스핑크스,오른쪽눈,2.96
안검염,수컷,4,스핑크스,왼쪽눈,2.96
안검염,수컷,4,스핑크스,왼쪽눈,2.96
안검염,수컷,4,스핑크스,오른쪽눈,2.96
안검염,수컷,4,스핑크스,왼쪽눈,2.96
안검염,수컷,4,스핑크스,오른쪽눈,2.96
안검염,수컷,4,스핑크스,왼쪽눈,2.96
안검염,수컷,4,스핑크스,왼쪽눈,2.96
안검염,수컷,1,시베리안,왼쪽눈,1.33
안검염,수컷,1,시베리안,왼쪽눈,1.33
안검염,수컷,2,시베리안,왼쪽눈,1.33
안검염,암컷,1,아메리칸 숏헤어,오른쪽눈,4.23
안검염,수컷,7,아메리칸 숏헤어,오른쪽눈,4.23
안검염,암컷,0,아메리칸 숏헤어,왼쪽눈,4.23
안검염,암컷,12,아메리칸 숏헤어,왼쪽눈,4.23
안검염,암컷,1,아메리칸 숏헤어,오른쪽눈,4.23
안검염,암컷,1,아메리칸 숏헤어,왼쪽눈,4.23
안검염,암컷,1,아메리칸 숏헤어,오른쪽눈,4.23
안검염,암컷,1,아메리칸 숏헤어,왼쪽눈,4.23
안검염,암컷,0,아메리칸 숏헤어,왼쪽눈,4.23
안검염,암컷,1,아메리칸 숏헤어,오른쪽눈,4.23
안검염,암컷,1,아메리칸 숏헤어,왼쪽눈,4.23
안검염,암컷,1,아메리칸 숏헤어,오른쪽눈,4.23
안검염,암컷,0,아메리칸 숏헤어,왼쪽눈,4.23
안검염,암컷,12,아메리칸 숏헤어,오른쪽눈,4.23
안검염,암컷,0,아메리칸 숏헤어,오른쪽눈,4.23
안검염,암컷,9,아메리칸 숏헤어,오른쪽눈,4.23
안검염,암컷,12,아메리칸 숏헤어,왼쪽눈,4.23
안검염,암컷,0,아메리칸 숏헤어,왼쪽눈,4.23
안검염,암컷,6,아메리칸 숏헤어,왼쪽눈,4.23
안검염,암컷,9,아메리칸 숏헤어,왼쪽눈,4.23
안검염,수컷,2,아메리칸 숏헤어,오른쪽눈,4.23
안검염,수컷,4,아메리칸 숏헤어,오른쪽눈,4.23
안검염,수컷,0,아메리칸 숏헤어,오른쪽눈,4.23
안검염,암컷,6,아메리칸 숏헤어,왼쪽눈,4.23
안검염,수컷,2,아메리칸 숏헤어,오른쪽눈,4.23
안검염,수컷,4,아메리칸 숏헤어,왼쪽눈,4.23
안검염,암컷,9,아메리칸 숏헤어,오른쪽눈,4.23
안검염,암컷,9,아메리칸 숏헤어,오른쪽눈,4.23
안검염,수컷,4,아메리칸 숏헤어,오른쪽눈,4.23
안검염,수컷,2,아메리칸 숏헤어,왼쪽눈,4.23
안검염,암컷,0,아메리칸 숏헤어,왼쪽눈,4.23
안검염,수컷,2,아메리칸 숏헤어,왼쪽눈,4.23
안검염,암컷,0,아메리칸 숏헤어,오른쪽눈,4.23
안검염,암컷,0,아메리칸 숏헤어,오른쪽눈,4.23
안검염,수컷,2,아메리칸 숏헤어,왼쪽눈,4.23
안검염,암컷,0,아메리칸 숏헤어,오른쪽눈,4.23
안검염,암컷,0,아메리칸 숏헤어,왼쪽눈,4.23
안검염,수컷,2,아메리칸 숏헤어,오른쪽눈,4.23
안검염,암컷,6,아메리칸 숏헤어,왼쪽눈,4.23
안검염,암컷,9,아메리칸 숏헤어,왼쪽눈,4.23
안검염,암컷,9,아메리칸 숏헤어,오른쪽눈,4.23
안검염,암컷,6,아메리칸 숏헤어,오른쪽눈,4.23
안검염,수컷,2,아메리칸 숏헤어,왼쪽눈,4.23
안검염,암컷,9,아메리칸 숏헤어,오른쪽눈,4.23
안검염,암컷,6,아메리칸 숏헤어,오른쪽눈,4.23
안검염,암컷,9,아메리칸 숏헤어,왼쪽눈,4.23
안검염,암컷,9,아메리칸 숏헤어,왼쪽눈,4.23
안검염,수컷,4,아메리칸 숏헤어,오른쪽눈,4.23
안검염,수컷,2,아메리칸 숏헤어,왼쪽눈,4.23
안검염,암컷,9,아메리칸 숏헤어,왼쪽눈,4.23
안검염,암컷,9,아메리칸 숏헤어,오른쪽눈,4.23
안검염,암컷,9,아메리칸 숏헤어,오른쪽눈,4.23
안검염,수컷,2,아메리칸 숏헤어,오른쪽눈,4.23
안검염,암컷,9,아메리칸 숏헤어,오른쪽눈,4.23
안검염,암컷,4,아메리칸 숏헤어,오른쪽눈,4.23
안검염,수컷,2,아메리칸 숏헤어,왼쪽눈,4.23
안검염,암컷,0,아메리칸 숏헤어,오른쪽눈,4.23
안검염,암컷,9,아메리칸 숏헤어,왼쪽눈,4.23
안검염,암컷,9,아메리칸 숏헤어,왼쪽눈,4.23
안검염,암컷,0,아메리칸 숏헤어,오른쪽눈,4.23
안검염,수컷,4,아메리칸 숏헤어,왼쪽눈,4.23
안검염,수컷,2,아메리칸 숏헤어,오른쪽눈,4.23
안검염,수컷,0,아메리칸 컬 ,왼쪽눈,0.0
안검염,수컷,0,아메리칸 컬 ,오른쪽눈,0.0
안검염,수컷,0,아메리칸 컬 ,오른쪽눈,0.0
안검염,암컷,9,아비시니안,오른쪽눈,4.95
안검염,암컷,9,아비시니안,오른쪽눈,4.95
안검염,암컷,0,아비시니안,오른쪽눈,4.95
안검염,암컷,9,아비시니안,오른쪽눈,4.95
안검염,암컷,9,아비시니안,오른쪽눈,4.95
안검염,암컷,9,아비시니안,오른쪽눈,4.95
안검염,암컷,9,아비시니안,오른쪽눈,4.95
안검염,암컷,9,아비시니안,오른쪽눈,4.95
안검염,암컷,9,아비시니안,오른쪽눈,4.95
안검염,암컷,9,아비시니안,오른쪽눈,4.95
안검염,암컷,9,아비시니안,오른쪽눈,4.95
안검염,암컷,9,아비시니안,오른쪽눈,4.95
안검염,암컷,9,아비시니안,오른쪽눈,4.95
안검염,암컷,0,아비시니안,오른쪽눈,4.95
안검염,암컷,9,아비시니안,오른쪽눈,4.95
안검염,암컷,9,아비시니안,오른쪽눈,4.95
안검염,암컷,0,아비시니안,오른쪽눈,4.95
안검염,암컷,9,아비시니안,오른쪽눈,4.95
안검염,암컷,9,아비시니안,오른쪽눈,4.95
안검염,암컷,9,아비시니안,오른쪽눈,4.95
안검염,암컷,9,아비시니안,오른쪽눈,4.95
안검염,암컷,0,아비시니안,왼쪽눈,4.95
안검염,암컷,9,아비시니안,오른쪽눈,4.95
안검염,암컷,9,아비시니안,오른쪽눈,4.95
안검염,암컷,9,아비시니안,오른쪽눈,4.95
안검염,암컷,9,아비시니안,오른쪽눈,4.95
안검염,암컷,9,아비시니안,오른쪽눈,4.95
안검염,암컷,9,아비시니안,오른쪽눈,4.95
안검염,암컷,3,아비시니안,오른쪽눈,4.95
안검염,암컷,9,아비시니안,오른쪽눈,4.95
안검염,암컷,3,아비시니안,왼쪽눈,4.95
안검염,암컷,0,아비시니안,왼쪽눈,4.95
안검염,암컷,0,아비시니안,오른쪽눈,4.95
안검염,암컷,9,아비시니안,오른쪽눈,4.95
안검염,암컷,12,아비시니안,왼쪽눈,4.95
안검염,수컷,0,아비시니안,왼쪽눈,4.95
안검염,암컷,1,아비시니안,왼쪽눈,4.95
안검염,수컷,0,아비시니안,오른쪽눈,4.95
안검염,암컷,1,아비시니안,왼쪽눈,4.95
안검염,암컷,3,아비시니안,왼쪽눈,4.95
안검염,암컷,1,아비시니안,오른쪽눈,4.95
안검염,암컷,3,아비시니안,오른쪽눈,4.95
안검염,암컷,3,아비시니안,오른쪽눈,4.95
안검염,암컷,1,아비시니안,왼쪽눈,4.95
안검염,수컷,0,아비시니안,오른쪽눈,4.95
안검염,암컷,12,아비시니안,오른쪽눈,4.95
안검염,암컷,12,아비시니안,오른쪽눈,4.95
안검염,암컷,2,아비시니안,왼쪽눈,4.95
안검염,암컷,4,아비시니안,왼쪽눈,4.95
안검염,암컷,1,아비시니안,왼쪽눈,4.95
안검염,수컷,5,아비시니안,오른쪽눈,4.95
안검염,암컷,10,아비시니안,왼쪽눈,4.95
안검염,수컷,5,아비시니안,오른쪽눈,4.95
안검염,수컷,2,아비시니안,오른쪽눈,4.95
안검염,암컷,4,아비시니안,왼쪽눈,4.95
안검염,암컷,12,아비시니안,오른쪽눈,4.95
안검염,암컷,12,아비시니안,왼쪽눈,4.95
안검염,암컷,0,아비시니안,왼쪽눈,4.95
안검염,암컷,12,아비시니안,왼쪽눈,4.95
안검염,암컷,12,아비시니안,왼쪽눈,4.95
안검염,암컷,12,아비시니안,오른쪽눈,4.95
안검염,암컷,12,아비시니안,오른쪽눈,4.95
안검염,수컷,5,아비시니안,오른쪽눈,4.95
안검염,수컷,0,아비시니안,왼쪽눈,4.95
안검염,암컷,1,아비시니안,오른쪽눈,4.95
안검염,암컷,0,아비시니안,오른쪽눈,4.95
안검염,암컷,10,아비시니안,오른쪽눈,4.95
안검염,암컷,0,아비시니안,왼쪽눈,4.95
안검염,암컷,1,아비시니안,왼쪽눈,4.95
안검염,암컷,4,아비시니안,왼쪽눈,4.95
안검염,암컷,1,아비시니안,오른쪽눈,4.95
안검염,수컷,5,아비시니안,왼쪽눈,4.95
안검염,수컷,5,아비시니안,오른쪽눈,4.95
안검염,수컷,0,아비시니안,왼쪽눈,4.95
안검염,암컷,1,아비시니안,오른쪽눈,4.95
안검염,수컷,0,아비시니안,오른쪽눈,4.95
안검염,암컷,1,아비시니안,오른쪽눈,4.95
안검염,수컷,0,아비시니안,오른쪽눈,4.95
안검염,수컷,0,아비시니안,오른쪽눈,4.95
안검염,암컷,1,아비시니안,오른쪽눈,4.95
안검염,수컷,5,아비시니안,오른쪽눈,4.95
안검염,수컷,5,아비시니안,왼쪽눈,4.95
안검염,수컷,5,아비시니안,오른쪽눈,4.95
안검염,수컷,5,아비시니안,왼쪽눈,4.95
안검염,수컷,5,아비시니안,오른쪽눈,4.95
안검염,수컷,5,아비시니안,오른쪽눈,4.95
안검염,수컷,5,아비시니안,오른쪽눈,4.95
안검염,수컷,5,아비시니안,오른쪽눈,4.95
안검염,수컷,5,아비시니안,오른쪽눈,4.95
안검염,수컷,5,아비시니안,왼쪽눈,4.95
안검염,수컷,5,아비시니안,오른쪽눈,4.95
안검염,수컷,5,아비시니안,오른쪽눈,4.95
안검염,수컷,5,아비시니안,오른쪽눈,4.95
안검염,수컷,5,아비시니안,오른쪽눈,4.95
안검염,수컷,5,아비시니안,오른쪽눈,4.95
안검염,수컷,5,아비시니안,오른쪽눈,4.95
안검염,수컷,5,아비시니안,오른쪽눈,4.95
안검염,수컷,5,아비시니안,오른쪽눈,4.95
안검염,수컷,5,아비시니안,오른쪽눈,4.95
안검염,수컷,5,아비시니안,오른쪽눈,4.95
안검염,수컷,5,아비시니안,오른쪽눈,4.95
안검염,수컷,5,아비시니안,오른쪽눈,4.95
안검염,수컷,5,아비시니안,오른쪽눈,4.95
안검염,수컷,5,아비시니안,오른쪽눈,4.95
안검염,수컷,5,아비시니안,오른쪽눈,4.95
안검염,수컷,5,아비시니안,오른쪽눈,4.95
안검염,수컷,5,아비시니안,오른쪽눈,4.95
안검염,수컷,5,아비시니안,오른쪽눈,4.95
안검염,수컷,5,아비시니안,오른쪽눈,4.95
안검염,수컷,5,아비시니안,오른쪽눈,4.95
안검염,수컷,5,아비시니안,오른쪽눈,4.95
안검염,수컷,5,아비시니안,오른쪽눈,4.95
안검염,수컷,5,아비시니안,오른쪽눈,4.95
안검염,수컷,5,아비시니안,오른쪽눈,4.95
안검염,수컷,5,아비시니안,오른쪽눈,4.95
안검염,수컷,5,아비시니안,오른쪽눈,4.95
안검염,수컷,5,아비시니안,오른쪽눈,4.95
안검염,수컷,5,아비시니안,오른쪽눈,4.95
안검염,수컷,5,아비시니안,왼쪽눈,4.95
안검염,수컷,5,아비시니안,오른쪽눈,4.95
안검염,수컷,5,아비시니안,왼쪽눈,4.95
안검염,수컷,5,아비시니안,오른쪽눈,4.95
안검염,암컷,0,아비시니안,오른쪽눈,4.95
안검염,암컷,0,아비시니안,오른쪽눈,4.95
안검염,암컷,0,아비시니안,왼쪽눈,4.95
안검염,암컷,0,아비시니안,오른쪽눈,4.95
안검염,암컷,0,아비시니안,오른쪽눈,4.95
안검염,암컷,0,아비시니안,왼쪽눈,4.95
안검염,암컷,0,아비시니안,오른쪽눈,4.95
안검염,수컷,4,엑조틱 숏헤어,오른쪽눈,3.69
안검염,암컷,2,엑조틱 숏헤어,왼쪽눈,3.69
안검염,암컷,1,엑조틱 숏헤어,왼쪽눈,3.69
안검염,암컷,9,엑조틱 숏헤어,왼쪽눈,3.69
안검염,수컷,4,엑조틱 숏헤어,오른쪽눈,3.69
안검염,암컷,1,엑조틱 숏헤어,왼쪽눈,3.69
안검염,암컷,9,엑조틱 숏헤어,왼쪽눈,3.69
안검염,암컷,1,엑조틱 숏헤어,왼쪽눈,3.69
안검염,수컷,4,엑조틱 숏헤어,오른쪽눈,3.69
안검염,암컷,9,엑조틱 숏헤어,오른쪽눈,3.69
안검염,수컷,2,엑조틱 숏헤어,왼쪽눈,3.69
안검염,암컷,9,엑조틱 숏헤어,오른쪽눈,3.69
안검염,암컷,9,엑조틱 숏헤어,오른쪽눈,3.69
안검염,수컷,2,엑조틱 숏헤어,오른쪽눈,3.69
안검염,암컷,1,엑조틱 숏헤어,왼쪽눈,3.69
안검염,암컷,1,엑조틱 숏헤어,오른쪽눈,3.69
안검염,암컷,1,엑조틱 숏헤어,왼쪽눈,3.69
안검염,암컷,1,엑조틱 숏헤어,오른쪽눈,3.69
안검염,암컷,2,엑조틱 숏헤어,왼쪽눈,3.69
안검염,암컷,1,엑조틱 숏헤어,오른쪽눈,3.69
안검염,암컷,1,엑조틱 숏헤어,왼쪽눈,3.69
안검염,수컷,4,엑조틱 숏헤어,오른쪽눈,3.69
안검염,암컷,1,엑조틱 숏헤어,오른쪽눈,3.69
안검염,수컷,4,엑조틱 숏헤어,오른쪽눈,3.69
안검염,암컷,1,엑조틱 숏헤어,오른쪽눈,3.69
안검염,수컷,4,엑조틱 숏헤어,오른쪽눈,3.69
안검염,암컷,9,엑조틱 숏헤어,왼쪽눈,3.69
안검염,암컷,9,엑조틱 숏헤어,왼쪽눈,3.69
안검염,수컷,4,엑조틱 숏헤어,오른쪽눈,3.69
안검염,암컷,1,엑조틱 숏헤어,오른쪽눈,3.69
안검염,암컷,1,엑조틱 숏헤어,오른쪽눈,3.69
안검염,수컷,2,엑조틱 숏헤어,오른쪽눈,3.69
안검염,암컷,1,엑조틱 숏헤어,왼쪽눈,3.69
안검염,암컷,7,엑조틱 숏헤어,왼쪽눈,3.69
안검염,암컷,7,엑조틱 숏헤어,왼쪽눈,3.69
안검염,수컷,1,이집션 마우,왼쪽눈,1.0
안검염,수컷,1,이집션 마우,오른쪽눈,1.0
안검염,수컷,1,이집션 마우,오른쪽눈,1.0
안검염,수컷,1,이집션 마우,왼쪽눈,1.0
안검염,수컷,1,이집션 마우,왼쪽눈,1.0
안검염,수컷,1,이집션 마우,왼쪽눈,1.0
안검염,수컷,1,이집션 마우,왼쪽눈,1.0
안검염,수컷,1,이집션 마우,왼쪽눈,1.0
안검염,수컷,1,이집션 마우,왼쪽눈,1.0
안검염,수컷,1,이집션 마우,왼쪽눈,1.0
안검염,수컷,1,이집션 마우,왼쪽눈,1.0
안검염,수컷,1,이집션 마우,오른쪽눈,1.0
안검염,수컷,1,이집션 마우,왼쪽눈,1.0
안검염,수컷,1,이집션 마우,오른쪽눈,1.0
안검염,수컷,1,이집션 마우,오른쪽눈,1.0
안검염,수컷,1,이집션 마우,오른쪽눈,1.0
안검염,수컷,1,이집션 마우,오른쪽눈,1.0
안검염,수컷,1,이집션 마우,오른쪽눈,1.0
안검염,수컷,1,이집션 마우,오른쪽눈,1.0
안검염,수컷,1,이집션 마우,왼쪽눈,1.0
안검염,수컷,1,이집션 마우,왼쪽눈,1.0
안검염,수컷,1,이집션 마우,오른쪽눈,1.0
안검염,수컷,1,이집션 마우,왼쪽눈,1.0
안검염,암컷,1,코리아 숏헤어,오른쪽눈,2.71
안검염,수컷,1,코리아 숏헤어,오른쪽눈,2.71
안검염,수컷,1,코리아 숏헤어,오른쪽눈,2.71
안검염,수컷,1,코리아 숏헤어,왼쪽눈,2.71
안검염,암컷,1,코리아 숏헤어,왼쪽눈,2.71
안검염,암컷,1,코리아 숏헤어,왼쪽눈,2.71
안검염,수컷,0,코리아 숏헤어,왼쪽눈,2.71
안검염,암컷,0,코리아 숏헤어,왼쪽눈,2.71
안검염,암컷,0,코리아 숏헤어,왼쪽눈,2.71
안검염,암컷,1,코리아 숏헤어,왼쪽눈,2.71
안검염,수컷,0,코리아 숏헤어,오른쪽눈,2.71
안검염,수컷,0,코리아 숏헤어,왼쪽눈,2.71
안검염,암컷,1,코리아 숏헤어,왼쪽눈,2.71
안검염,암컷,8,코리아 숏헤어,오른쪽눈,2.71
안검염,암컷,1,코리아 숏헤어,오른쪽눈,2.71
안검염,수컷,1,코리아 숏헤어,오른쪽눈,2.71
안검염,수컷,1,코리아 숏헤어,오른쪽눈,2.71
안검염,암컷,10,코리아 숏헤어,왼쪽눈,2.71
안검염,수컷,6,코리아 숏헤어,오른쪽눈,2.71
안검염,암컷,4,코리아 숏헤어,왼쪽눈,2.71
안검염,수컷,1,코리아 숏헤어,왼쪽눈,2.71
안검염,수컷,0,코리아 숏헤어,왼쪽눈,2.71
안검염,암컷,1,코리아 숏헤어,왼쪽눈,2.71
안검염,암컷,8,코리아 숏헤어,왼쪽눈,2.71
안검염,수컷,1,코리아 숏헤어,오른쪽눈,2.71
안검염,암컷,1,코리아 숏헤어,왼쪽눈,2.71
안검염,암컷,3,코리아 숏헤어,왼쪽눈,2.71
안검염,암컷,1,코리아 숏헤어,오른쪽눈,2.71
안검염,암컷,1,코리아 숏헤어,오른쪽눈,2.71
안검염,암컷,10,코리아 숏헤어,왼쪽눈,2.71
안검염,수컷,1,코리아 숏헤어,왼쪽눈,2.71
안검염,수컷,0,코리아 숏헤어,왼쪽눈,2.71
안검염,암컷,8,코리아 숏헤어,왼쪽눈,2.71
안검염,수컷,1,코리아 숏헤어,오른쪽눈,2.71
안검염,수컷,1,코리아 숏헤어,오른쪽눈,2.71
안검염,암컷,1,코리아 숏헤어,오른쪽눈,2.71
안검염,수컷,1,코리아 숏헤어,오른쪽눈,2.71
안검염,수컷,0,코리아 숏헤어,왼쪽눈,2.71
안검염,수컷,0,코리아 숏헤어,오른쪽눈,2.71
안검염,수컷,5,코리아 숏헤어,오른쪽눈,2.71
안검염,수컷,1,코리아 숏헤어,왼쪽눈,2.71
안검염,암컷,1,코리아 숏헤어,오른쪽눈,2.71
안검염,수컷,1,코리아 숏헤어,오른쪽눈,2.71
안검염,수컷,7,코리아 숏헤어,오른쪽눈,2.71
안검염,암컷,0,코리아 숏헤어,오른쪽눈,2.71
안검염,암컷,6,코리아 숏헤어,왼쪽눈,2.71
안검염,수컷,1,코리아 숏헤어,오른쪽눈,2.71
안검염,암컷,1,코리아 숏헤어,오른쪽눈,2.71
안검염,암컷,6,코리아 숏헤어,오른쪽눈,2.71
안검염,수컷,1,코리아 숏헤어,왼쪽눈,2.71
안검염,수컷,1,코리아 숏헤어,오른쪽눈,2.71
안검염,암컷,1,코리아 숏헤어,왼쪽눈,2.71
안검염,암컷,1,코리아 숏헤어,왼쪽눈,2.71
안검염,암컷,3,코리아 숏헤어,왼쪽눈,2.71
안검염,수컷,0,코리아 숏헤어,왼쪽눈,2.71
안검염,수컷,0,코리아 숏헤어,왼쪽눈,2.71
안검염,수컷,0,코리아 숏헤어,왼쪽눈,2.71
안검염,암컷,4,코리아 숏헤어,오른쪽눈,2.71
안검염,수컷,0,코리아 숏헤어,왼쪽눈,2.71
안검염,암컷,1,코리아 숏헤어,왼쪽눈,2.71
안검염,암컷,8,코리아 숏헤어,오른쪽눈,2.71
안검염,수컷,1,코리아 숏헤어,왼쪽눈,2.71
안검염,암컷,4,코리아 숏헤어,오른쪽눈,2.71
안검염,암컷,10,코리아 숏헤어,왼쪽눈,2.71
안검염,수컷,1,코리아 숏헤어,왼쪽눈,2.71
안검염,암컷,1,코리아 숏헤어,왼쪽눈,2.71
안검염,수컷,1,코리아 숏헤어,오른쪽눈,2.71
안검염,암컷,1,코리아 숏헤어,왼쪽눈,2.71
안검염,수컷,10,코리아 숏헤어,오른쪽눈,2.71
안검염,암컷,8,코리아 숏헤어,오른쪽눈,2.71
안검염,수컷,0,코리아 숏헤어,왼쪽눈,2.71
안검염,수컷,0,코리아 숏헤어,오른쪽눈,2.71
안검염,수컷,1,코리아 숏헤어,왼쪽눈,2.71
안검염,수컷,0,코리아 숏헤어,왼쪽눈,2.71
안검염,암컷,10,코리아 숏헤어,왼쪽눈,2.71
안검염,수컷,1,코리아 숏헤어,왼쪽눈,2.71
안검염,수컷,1,코리아 숏헤어,왼쪽눈,2.71
안검염,암컷,8,코리아 숏헤어,오른쪽눈,2.71
안검염,암컷,2,코리아 숏헤어,오른쪽눈,2.71
안검염,암컷,10,코리아 숏헤어,왼쪽눈,2.71
안검염,암컷,4,코리아 숏헤어,왼쪽눈,2.71
안검염,수컷,3,코리아 숏헤어,오른쪽눈,2.71
안검염,수컷,0,코리아 숏헤어,오른쪽눈,2.71
안검염,암컷,1,코리아 숏헤어,왼쪽눈,2.71
안검염,수컷,1,코리아 숏헤어,오른쪽눈,2.71
안검염,수컷,1,코리아 숏헤어,왼쪽눈,2.71
안검염,암컷,8,코리아 숏헤어,오른쪽눈,2.71
안검염,수컷,1,코리아 숏헤어,오른쪽눈,2.71
안검염,수컷,1,코리아 숏헤어,오른쪽눈,2.71
안검염,수컷,0,코리아 숏헤어,왼쪽눈,2.71
안검염,암컷,1,코리아 숏헤어,오른쪽눈,2.71
안검염,수컷,10,코리아 숏헤어,왼쪽눈,2.71
안검염,수컷,8,코리아 숏헤어,왼쪽눈,2.71
안검염,수컷,1,코리아 숏헤어,오른쪽눈,2.71
안검염,암컷,8,코리아 숏헤어,오른쪽눈,2.71
안검염,암컷,3,코리아 숏헤어,왼쪽눈,2.71
안검염,암컷,1,코리아 숏헤어,왼쪽눈,2.71
안검염,수컷,1,코리아 숏헤어,오른쪽눈,2.71
안검염,암컷,1,코리아 숏헤어,왼쪽눈,2.71
안검염,암컷,1,코리아 숏헤어,오른쪽눈,2.71
안검염,수컷,1,코리아 숏헤어,오른쪽눈,2.71
안검염,암컷,1,코리아 숏헤어,오른쪽눈,2.71
안검염,암컷,1,코리아 숏헤어,왼쪽눈,2.71
안검염,수컷,1,코리아 숏헤어,오른쪽눈,2.71
안검염,수컷,6,코리아 숏헤어,오른쪽눈,2.71
안검염,수컷,10,코리아 숏헤어,왼쪽눈,2.71
안검염,수컷,10,코리아 숏헤어,오른쪽눈,2.71
안검염,수컷,1,코리아 숏헤어,왼쪽눈,2.71
안검염,암컷,0,코리아 숏헤어,왼쪽눈,2.71
안검염,수컷,5,코리아 숏헤어,왼쪽눈,2.71
안검염,암컷,10,코리아 숏헤어,왼쪽눈,2.71
안검염,수컷,5,코리아 숏헤어,왼쪽눈,2.71
안검염,암컷,1,코리아 숏헤어,왼쪽눈,2.71
안검염,수컷,7,코리아 숏헤어,오른쪽눈,2.71
안검염,수컷,0,코리아 숏헤어,오른쪽눈,2.71
안검염,암컷,2,코리아 숏헤어,오른쪽눈,2.71
안검염,수컷,1,코리아 숏헤어,왼쪽눈,2.71
안검염,암컷,1,코리아 숏헤어,오른쪽눈,2.71
안검염,암컷,8,코리아 숏헤어,오른쪽눈,2.71
안검염,수컷,1,코리아 숏헤어,오른쪽눈,2.71
안검염,암컷,1,코리아 숏헤어,오른쪽눈,2.71
안검염,암컷,1,코리아 숏헤어,오른쪽눈,2.71
안검염,암컷,3,코리아 숏헤어,왼쪽눈,2.71
안검염,암컷,1,코리아 숏헤어,오른쪽눈,2.71
안검염,암컷,10,코리아 숏헤어,왼쪽눈,2.71
안검염,수컷,1,코리아 숏헤어,오른쪽눈,2.71
안검염,암컷,4,코리아 숏헤어,오른쪽눈,2.71
안검염,수컷,1,코리아 숏헤어,왼쪽눈,2.71
안검염,암컷,10,코리아 숏헤어,오른쪽눈,2.71
안검염,수컷,1,코리아 숏헤어,오른쪽눈,2.71
안검염,암컷,1,코리아 숏헤어,왼쪽눈,2.71
안검염,수컷,0,코리아 숏헤어,오른쪽눈,2.71
안검염,수컷,1,코리아 숏헤어,오른쪽눈,2.71
안검염,수컷,4,코리아 숏헤어,오른쪽눈,2.71
안검염,수컷,0,코리아 숏헤어,오른쪽눈,2.71
안검염,암컷,4,코리아 숏헤어,오른쪽눈,2.71
안검염,수컷,1,코리아 숏헤어,오른쪽눈,2.71
안검염,수컷,1,코리아 숏헤어,오른쪽눈,2.71
안검염,암컷,1,코리아 숏헤어,왼쪽눈,2.71
안검염,암컷,1,코리아 숏헤어,오른쪽눈,2.71
안검염,수컷,10,코리아 숏헤어,왼쪽눈,2.71
안검염,암컷,1,코리아 숏헤어,오른쪽눈,2.71
안검염,암컷,8,코리아 숏헤어,오른쪽눈,2.71
안검염,암컷,8,코리아 숏헤어,오른쪽눈,2.71
안검염,수컷,1,코리아 숏헤어,오른쪽눈,2.71
안검염,수컷,1,코리아 숏헤어,오른쪽눈,2.71
안검염,수컷,1,코리아 숏헤어,오른쪽눈,2.71
안검염,암컷,1,코리아 숏헤어,오른쪽눈,2.71
안검염,수컷,1,코리아 숏헤어,오른쪽눈,2.71
안검염,수컷,0,코리아 숏헤어,오른쪽눈,2.71
안검염,암컷,1,코리아 숏헤어,왼쪽눈,2.71
안검염,암컷,1,코리아 숏헤어,왼쪽눈,2.71
안검염,암컷,0,코리아 숏헤어,오른쪽눈,2.71
안검염,수컷,8,코리아 숏헤어,왼쪽눈,2.71
안검염,수컷,1,코리아 숏헤어,오른쪽눈,2.71
안검염,암컷,1,코리아 숏헤어,왼쪽눈,2.71
안검염,수컷,1,코리아 숏헤어,오른쪽눈,2.71
안검염,암컷,0,코리아 숏헤어,오른쪽눈,2.71
안검염,암컷,6,코리아 숏헤어,오른쪽눈,2.71
안검염,암컷,1,코리아 숏헤어,왼쪽눈,2.71
안검염,수컷,1,코리아 숏헤어,왼쪽눈,2.71
안검염,수컷,1,코리아 숏헤어,왼쪽눈,2.71
안검염,암컷,1,코리아 숏헤어,왼쪽눈,2.71
안검염,수컷,1,코리아 숏헤어,오른쪽눈,2.71
안검염,수컷,1,코리아 숏헤어,오른쪽눈,2.71
안검염,수컷,1,코리아 숏헤어,오른쪽눈,2.71
안검염,암컷,1,코리아 숏헤어,오른쪽눈,2.71
안검염,암컷,3,코리아 숏헤어,왼쪽눈,2.71
안검염,암컷,1,코리아 숏헤어,오른쪽눈,2.71
안검염,암컷,1,코리아 숏헤어,오른쪽눈,2.71
안검염,암컷,1,코리아 숏헤어,왼쪽눈,2.71
안검염,수컷,7,코리아 숏헤어,오른쪽눈,2.71
안검염,수컷,0,코리아 숏헤어,왼쪽눈,2.71
안검염,수컷,10,코리아 숏헤어,왼쪽눈,2.71
안검염,암컷,1,코리아 숏헤어,왼쪽눈,2.71
안검염,암컷,8,코리아 숏헤어,오른쪽눈,2.71
안검염,암컷,1,코리아 숏헤어,오른쪽눈,2.71
안검염,암컷,0,코리아 숏헤어,왼쪽눈,2.71
안검염,수컷,0,코리아 숏헤어,오른쪽눈,2.71
안검염,암컷,0,코리아 숏헤어,왼쪽눈,2.71
안검염,암컷,10,코리아 숏헤어,오른쪽눈,2.71
안검염,암컷,1,코리아 숏헤어,오른쪽눈,2.71
안검염,수컷,10,코리아 숏헤어,왼쪽눈,2.71
안검염,암컷,1,코리아 숏헤어,오른쪽눈,2.71
안검염,수컷,1,코리아 숏헤어,오른쪽눈,2.71
안검염,수컷,1,코리아 숏헤어,오른쪽눈,2.71
안검염,수컷,1,코리아 숏헤어,오른쪽눈,2.71
안검염,암컷,8,코리아 숏헤어,오른쪽눈,2.71
안검염,수컷,1,코리아 숏헤어,오른쪽눈,2.71
안검염,암컷,1,코리아 숏헤어,오른쪽눈,2.71
안검염,암컷,1,코리아 숏헤어,오른쪽눈,2.71
안검염,수컷,6,코리아 숏헤어,오른쪽눈,2.71
안검염,암컷,0,코리아 숏헤어,왼쪽눈,2.71
안검염,암컷,0,코리아 숏헤어,왼쪽눈,2.71
안검염,수컷,1,코리아 숏헤어,오른쪽눈,2.71
안검염,수컷,1,코리아 숏헤어,왼쪽눈,2.71
안검염,수컷,1,코리아 숏헤어,오른쪽눈,2.71
안검염,암컷,1,코리아 숏헤어,오른쪽눈,2.71
안검염,수컷,6,코리아 숏헤어,오른쪽눈,2.71
안검염,암컷,8,코리아 숏헤어,왼쪽눈,2.71
안검염,암컷,1,코리아 숏헤어,오른쪽눈,2.71
안검염,암컷,1,코리아 숏헤어,왼쪽눈,2.71
안검염,암컷,1,코리아 숏헤어,오른쪽눈,2.71
안검염,암컷,10,코리아 숏헤어,왼쪽눈,2.71
안검염,암컷,0,코리아 숏헤어,왼쪽눈,2.71
안검염,수컷,0,코리아 숏헤어,오른쪽눈,2.71
안검염,수컷,1,코리아 숏헤어,오른쪽눈,2.71
안검염,수컷,1,코리아 숏헤어,오른쪽눈,2.71
안검염,수컷,1,코리아 숏헤어,오른쪽눈,2.71
안검염,수컷,1,코리아 숏헤어,오른쪽눈,2.71
안검염,수컷,11,코리아 숏헤어,왼쪽눈,2.71
안검염,암컷,0,코리아 숏헤어,왼쪽눈,2.71
안검염,암컷,0,코리아 숏헤어,왼쪽눈,2.71
안검염,수컷,1,코리아 숏헤어,왼쪽눈,2.71
안검염,암컷,1,코리아 숏헤어,왼쪽눈,2.71
안검염,수컷,1,코리아 숏헤어,왼쪽눈,2.71
안검염,수컷,1,코리아 숏헤어,왼쪽눈,2.71
안검염,암컷,1,코리아 숏헤어,오른쪽눈,2.71
안검염,수컷,1,코리아 숏헤어,왼쪽눈,2.71
안검염,암컷,0,코리아 숏헤어,오른쪽눈,2.71
안검염,수컷,0,코리아 숏헤어,왼쪽눈,2.71
안검염,수컷,0,코리아 숏헤어,왼쪽눈,2.71
안검염,암컷,1,코리아 숏헤어,왼쪽눈,2.71
안검염,수컷,1,코리아 숏헤어,오른쪽눈,2.71
안검염,수컷,1,코리아 숏헤어,왼쪽눈,2.71
안검염,암컷,1,코리아 숏헤어,왼쪽눈,2.71
안검염,수컷,1,코리아 숏헤어,오른쪽눈,2.71
안검염,암컷,8,코리아 숏헤어,오른쪽눈,2.71
안검염,암컷,3,코리아 숏헤어,왼쪽눈,2.71
안검염,암컷,1,코리아 숏헤어,오른쪽눈,2.71
안검염,암컷,1,코리아 숏헤어,왼쪽눈,2.71
안검염,암컷,0,코리아 숏헤어,오른쪽눈,2.71
안검염,수컷,1,코리아 숏헤어,왼쪽눈,2.71
안검염,암컷,1,코리아 숏헤어,왼쪽눈,2.71
안검염,암컷,1,코리아 숏헤어,오른쪽눈,2.71
안검염,수컷,1,코리아 숏헤어,오른쪽눈,2.71
안검염,암컷,8,코리아 숏헤어,오른쪽눈,2.71
안검염,수컷,1,코리아 숏헤어,왼쪽눈,2.71
안검염,수컷,1,코리아 숏헤어,오른쪽눈,2.71
안검염,암컷,1,코리아 숏헤어,오른쪽눈,2.71
안검염,암컷,10,코리아 숏헤어,왼쪽눈,2.71
안검염,수컷,11,코리아 숏헤어,왼쪽눈,2.71
안검염,암컷,0,코리아 숏헤어,오른쪽눈,2.71
안검염,수컷,1,코리아 숏헤어,오른쪽눈,2.71
안검염,암컷,1,코리아 숏헤어,오른쪽눈,2.71
안검염,암컷,1,코리아 숏헤어,왼쪽눈,2.71
안검염,암컷,0,코리아 숏헤어,오른쪽눈,2.71
안검염,수컷,0,코리아 숏헤어,오른쪽눈,2.71
안검염,수컷,1,코리아 숏헤어,왼쪽눈,2.71
안검염,수컷,1,코리아 숏헤어,왼쪽눈,2.71
안검염,암컷,1,코리아 숏헤어,왼쪽눈,2.71
안검염,암컷,4,코리아 숏헤어,오른쪽눈,2.71
안검염,수컷,10,코리아 숏헤어,오른쪽눈,2.71
안검염,암컷,8,코리아 숏헤어,오른쪽눈,2.71
안검염,암컷,1,코리아 숏헤어,오른쪽눈,2.71
안검염,암컷,1,코리아 숏헤어,오른쪽눈,2.71
안검염,암컷,1,코리아 숏헤어,왼쪽눈,2.71
안검염,수컷,0,코리아 숏헤어,왼쪽눈,2.71
안검염,수컷,1,코리아 숏헤어,오른쪽눈,2.71
안검염,암컷,8,코리아 숏헤어,오른쪽눈,2.71
안검염,수컷,6,코리아 숏헤어,왼쪽눈,2.71
안검염,암컷,1,코리아 숏헤어,왼쪽눈,2.71
안검염,수컷,7,코리아 숏헤어,오른쪽눈,2.71
안검염,수컷,0,코리아 숏헤어,왼쪽눈,2.71
안검염,수컷,6,코리아 숏헤어,오른쪽눈,2.71
안검염,수컷,0,코리아 숏헤어,왼쪽눈,2.71
안검염,수컷,0,코리아 숏헤어,왼쪽눈,2.71
안검염,수컷,8,코리아 숏헤어,왼쪽눈,2.71
안검염,수컷,1,코리아 숏헤어,오른쪽눈,2.71
안검염,수컷,1,코리아 숏헤어,오른쪽눈,2.71
안검염,암컷,1,코리아 숏헤어,왼쪽눈,2.71
안검염,암컷,1,코리아 숏헤어,왼쪽눈,2.71
안검염,암컷,1,코리아 숏헤어,오른쪽눈,2.71
안검염,암컷,1,코리아 숏헤어,왼쪽눈,2.71
안검염,암컷,1,코리아 숏헤어,오른쪽눈,2.71
안검염,암컷,1,코리아 숏헤어,왼쪽눈,2.71
안검염,수컷,1,코리아 숏헤어,오른쪽눈,2.71
안검염,수컷,1,코리아 숏헤어,오른쪽눈,2.71
안검염,수컷,1,코리아 숏헤어,왼쪽눈,2.71
안검염,암컷,1,코리아 숏헤어,오른쪽눈,2.71
안검염,암컷,0,코리아 숏헤어,오른쪽눈,2.71
안검염,수컷,0,코리아 숏헤어,오른쪽눈,2.71
안검염,암컷,1,코리아 숏헤어,왼쪽눈,2.71
안검염,암컷,1,코리아 숏헤어,오른쪽눈,2.71
안검염,암컷,8,코리아 숏헤어,오른쪽눈,2.71
안검염,암컷,1,코리아 숏헤어,오른쪽눈,2.71
안검염,암컷,1,코리아 숏헤어,오른쪽눈,2.71
안검염,수컷,0,코리아 숏헤어,왼쪽눈,2.71
안검염,암컷,1,코리아 숏헤어,왼쪽눈,2.71
안검염,암컷,1,코리아 숏헤어,오른쪽눈,2.71
안검염,암컷,1,코리아 숏헤어,오른쪽눈,2.71
안검염,수컷,10,코리아 숏헤어,왼쪽눈,2.71
안검염,수컷,1,코리아 숏헤어,왼쪽눈,2.71
안검염,수컷,1,코리아 숏헤어,오른쪽눈,2.71
안검염,수컷,1,코리아 숏헤어,왼쪽눈,2.71
안검염,수컷,1,코리아 숏헤어,왼쪽눈,2.71
안검염,수컷,1,코리아 숏헤어,왼쪽눈,2.71
안검염,수컷,0,코리아 숏헤어,오른쪽눈,2.71
안검염,수컷,1,코리아 숏헤어,오른쪽눈,2.71
안검염,암컷,2,코리아 숏헤어,왼쪽눈,2.71
안검염,수컷,10,코리아 숏헤어,왼쪽눈,2.71
안검염,암컷,1,코리아 숏헤어,왼쪽눈,2.71
안검염,수컷,1,코리아 숏헤어,오른쪽눈,2.71
안검염,수컷,1,코리아 숏헤어,오른쪽눈,2.71
안검염,암컷,10,코리아 숏헤어,왼쪽눈,2.71
안검염,수컷,5,코리아 숏헤어,왼쪽눈,2.71
안검염,암컷,1,코리아 숏헤어,왼쪽눈,2.71
안검염,암컷,1,코리아 숏헤어,오른쪽눈,2.71
안검염,수컷,1,코리아 숏헤어,오른쪽눈,2.71
안검염,수컷,1,코리아 숏헤어,오른쪽눈,2.71
안검염,수컷,1,코리아 숏헤어,오른쪽눈,2.71
안검염,암컷,8,코리아 숏헤어,오른쪽눈,2.71
안검염,수컷,1,코리아 숏헤어,왼쪽눈,2.71
안검염,수컷,1,코리아 숏헤어,오른쪽눈,2.71
안검염,수컷,1,코리아 숏헤어,오른쪽눈,2.71
안검염,암컷,10,코리아 숏헤어,왼쪽눈,2.71
안검염,수컷,0,코리아 숏헤어,오른쪽눈,2.71
안검염,수컷,0,코리아 숏헤어,오른쪽눈,2.71
안검염,수컷,0,코리아 숏헤어,왼쪽눈,2.71
안검염,암컷,1,코리아 숏헤어,왼쪽눈,2.71
안검염,암컷,1,코리아 숏헤어,왼쪽눈,2.71
안검염,수컷,1,코리아 숏헤어,오른쪽눈,2.71
안검염,수컷,0,코리아 숏헤어,왼쪽눈,2.71
안검염,암컷,1,코리아 숏헤어,오른쪽눈,2.71
안검염,암컷,8,코리아 숏헤어,오른쪽눈,2.71
안검염,수컷,1,코리아 숏헤어,오른쪽눈,2.71
안검염,수컷,1,코리아 숏헤어,왼쪽눈,2.71
안검염,수컷,1,코리아 숏헤어,왼쪽눈,2.71
안검염,수컷,10,코리아 숏헤어,오른쪽눈,2.71
안검염,수컷,1,코리아 숏헤어,왼쪽눈,2.71
안검염,수컷,1,코리아 숏헤어,오른쪽눈,2.71
안검염,암컷,10,코리아 숏헤어,왼쪽눈,2.71
안검염,수컷,1,코리아 숏헤어,왼쪽눈,2.71
안검염,암컷,6,코리아 숏헤어,왼쪽눈,2.71
안검염,수컷,0,코리아 숏헤어,왼쪽눈,2.71
안검염,암컷,10,코리아 숏헤어,왼쪽눈,2.71
안검염,암컷,8,코리아 숏헤어,오른쪽눈,2.71
안검염,암컷,1,코리아 숏헤어,오른쪽눈,2.71
안검염,암컷,1,코리아 숏헤어,오른쪽눈,2.71
안검염,암컷,4,코리아 숏헤어,오른쪽눈,2.71
안검염,암컷,8,코리아 숏헤어,오른쪽눈,2.71
안검염,수컷,1,코리아 숏헤어,왼쪽눈,2.71
안검염,수컷,1,코리아 숏헤어,오른쪽눈,2.71
안검염,수컷,1,코리아 숏헤어,왼쪽눈,2.71
안검염,암컷,1,코리아 숏헤어,오른쪽눈,2.71
안검염,수컷,6,코리아 숏헤어,오른쪽눈,2.71
안검염,암컷,1,코리아 숏헤어,왼쪽눈,2.71
안검염,암컷,8,코리아 숏헤어,왼쪽눈,2.71
안검염,수컷,1,코리아 숏헤어,왼쪽눈,2.71
안검염,수컷,1,코리아 숏헤어,오른쪽눈,2.71
안검염,암컷,1,코리아 숏헤어,오른쪽눈,2.71
안검염,암컷,6,코리아 숏헤어,오른쪽눈,2.71
안검염,수컷,5,코리아 숏헤어,왼쪽눈,2.71
안검염,암컷,6,코리아 숏헤어,오른쪽눈,2.71
안검염,암컷,4,코리아 숏헤어,왼쪽눈,2.71
안검염,암컷,0,코리아 숏헤어,왼쪽눈,2.71
안검염,암컷,1,코리아 숏헤어,왼쪽눈,2.71
안검염,암컷,1,코리아 숏헤어,오른쪽눈,2.71
안검염,수컷,0,코리아 숏헤어,오른쪽눈,2.71
안검염,수컷,0,코리아 숏헤어,왼쪽눈,2.71
안검염,수컷,0,코리아 숏헤어,왼쪽눈,2.71
안검염,암컷,1,코리아 숏헤어,오른쪽눈,2.71
안검염,수컷,10,코리아 숏헤어,왼쪽눈,2.71
안검염,암컷,1,코리아 숏헤어,오른쪽눈,2.71
안검염,수컷,1,코리아 숏헤어,오른쪽눈,2.71
안검염,암컷,1,코리아 숏헤어,오른쪽눈,2.71
안검염,수컷,0,코리아 숏헤어,왼쪽눈,2.71
안검염,암컷,2,코리아 숏헤어,왼쪽눈,2.71
안검염,수컷,0,코리아 숏헤어,오른쪽눈,2.71
안검염,수컷,10,코리아 숏헤어,왼쪽눈,2.71
안검염,암컷,1,코리아 숏헤어,왼쪽눈,2.71
안검염,수컷,1,코리아 숏헤어,오른쪽눈,2.71
안검염,암컷,1,코리아 숏헤어,오른쪽눈,2.71
안검염,수컷,1,코리아 숏헤어,왼쪽눈,2.71
안검염,수컷,1,코리아 숏헤어,왼쪽눈,2.71
안검염,암컷,1,코리아 숏헤어,오른쪽눈,2.71
안검염,암컷,8,코리아 숏헤어,오른쪽눈,2.71
안검염,수컷,6,코리아 숏헤어,왼쪽눈,2.71
안검염,암컷,1,코리아 숏헤어,왼쪽눈,2.71
안검염,수컷,6,코리아 숏헤어,왼쪽눈,2.71
안검염,암컷,2,코리아 숏헤어,오른쪽눈,2.71
안검염,수컷,1,코리아 숏헤어,왼쪽눈,2.71
안검염,암컷,1,코리아 숏헤어,오른쪽눈,2.71
안검염,암컷,8,코리아 숏헤어,오른쪽눈,2.71
안검염,수컷,1,코리아 숏헤어,오른쪽눈,2.71
안검염,암컷,1,코리아 숏헤어,오른쪽눈,2.71
안검염,암컷,1,코리아 숏헤어,오른쪽눈,2.71
안검염,수컷,1,코리아 숏헤어,오른쪽눈,2.71
안검염,암컷,1,코리아 숏헤어,오른쪽눈,2.71
안검염,암컷,1,코리아 숏헤어,오른쪽눈,2.71
안검염,수컷,1,코리아 숏헤어,왼쪽눈,2.71
안검염,수컷,1,코리아 숏헤어,왼쪽눈,2.71
안검염,수컷,1,코리아 숏헤어,오른쪽눈,2.71
안검염,암컷,0,코리아 숏헤어,오른쪽눈,2.71
안검염,수컷,0,코리아 숏헤어,오른쪽눈,2.71
안검염,암컷,1,코리아 숏헤어,오른쪽눈,2.71
안검염,수컷,1,코리아 숏헤어,오른쪽눈,2.71
안검염,수컷,1,코리아 숏헤어,오른쪽눈,2.71
안검염,수컷,1,코리아 숏헤어,왼쪽눈,2.71
안검염,암컷,1,코리아 숏헤어,왼쪽눈,2.71
안검염,암컷,1,코리아 숏헤어,왼쪽눈,2.71
안검염,수컷,1,코리아 숏헤어,왼쪽눈,2.71
안검염,암컷,0,코리아 숏헤어,오른쪽눈,2.71
안검염,수컷,0,코리아 숏헤어,왼쪽눈,2.71
안검염,암컷,2,코리아 숏헤어,왼쪽눈,2.71
안검염,수컷,1,코리아 숏헤어,왼쪽눈,2.71
안검염,암컷,10,코리아 숏헤어,왼쪽눈,2.71
안검염,암컷,8,코리아 숏헤어,오른쪽눈,2.71
안검염,수컷,1,코리아 숏헤어,왼쪽눈,2.71
안검염,수컷,1,코리아 숏헤어,오른쪽눈,2.71
안검염,수컷,1,코리아 숏헤어,오른쪽눈,2.71
안검염,암컷,0,코리아 숏헤어,오른쪽눈,2.71
안검염,수컷,7,코리아 숏헤어,왼쪽눈,2.71
안검염,수컷,1,코리아 숏헤어,오른쪽눈,2.71
안검염,수컷,1,코리아 숏헤어,왼쪽눈,2.71
안검염,암컷,1,코리아 숏헤어,왼쪽눈,2.71
안검염,암컷,1,코리아 숏헤어,오른쪽눈,2.71
안검염,수컷,1,코리아 숏헤어,오른쪽눈,2.71
안검염,암컷,10,코리아 숏헤어,왼쪽눈,2.71
안검염,암컷,0,코리아 숏헤어,왼쪽눈,2.71
안검염,수컷,0,코리아 숏헤어,왼쪽눈,2.71
안검염,수컷,1,코리아 숏헤어,오른쪽눈,2.71
안검염,암컷,1,코리아 숏헤어,왼쪽눈,2.71
안검염,수컷,8,코리아 숏헤어,왼쪽눈,2.71
안검염,수컷,1,코리아 숏헤어,왼쪽눈,2.71
안검염,수컷,1,코리아 숏헤어,왼쪽눈,2.71
안검염,수컷,1,코리아 숏헤어,오른쪽눈,2.71
안검염,암컷,1,코리아 숏헤어,왼쪽눈,2.71
안검염,수컷,6,코리아 숏헤어,왼쪽눈,2.71
안검염,암컷,10,코리아 숏헤어,왼쪽눈,2.71
안검염,수컷,7,코리아 숏헤어,왼쪽눈,2.71
안검염,수컷,0,코리아 숏헤어,왼쪽눈,2.71
안검염,수컷,0,코리아 숏헤어,오른쪽눈,2.71
안검염,암컷,1,코리아 숏헤어,왼쪽눈,2.71
안검염,수컷,10,코리아 숏헤어,왼쪽눈,2.71
안검염,암컷,1,코리아 숏헤어,왼쪽눈,2.71
안검염,수컷,10,코리아 숏헤어,오른쪽눈,2.71
안검염,수컷,10,코리아 숏헤어,왼쪽눈,2.71
안검염,수컷,1,코리아 숏헤어,오른쪽눈,2.71
안검염,수컷,1,코리아 숏헤어,오른쪽눈,2.71
안검염,수컷,0,코리아 숏헤어,오른쪽눈,2.71
안검염,암컷,0,코리아 숏헤어,오른쪽눈,2.71
안검염,암컷,0,코리아 숏헤어,오른쪽눈,2.71
안검염,수컷,1,코리아 숏헤어,오른쪽눈,2.71
안검염,암컷,1,코리아 숏헤어,왼쪽눈,2.71
안검염,수컷,0,코리아 숏헤어,오른쪽눈,2.71
안검염,수컷,10,코리아 숏헤어,왼쪽눈,2.71
안검염,수컷,1,코리아 숏헤어,오른쪽눈,2.71
안검염,암컷,8,코리아 숏헤어,오른쪽눈,2.71
안검염,수컷,1,코리아 숏헤어,오른쪽눈,2.71
안검염,수컷,1,코리아 숏헤어,왼쪽눈,2.71
안검염,암컷,1,코리아 숏헤어,오른쪽눈,2.71
안검염,암컷,1,코리아 숏헤어,오른쪽눈,2.71
안검염,수컷,1,코리아 숏헤어,왼쪽눈,2.71
안검염,암컷,1,코리아 숏헤어,왼쪽눈,2.71
안검염,수컷,1,코리아 숏헤어,왼쪽눈,2.71
안검염,수컷,1,코리아 숏헤어,오른쪽눈,2.71
안검염,수컷,1,코리아 숏헤어,오른쪽눈,2.71
안검염,수컷,7,코리아 숏헤어,오른쪽눈,2.71
안검염,수컷,0,코리아 숏헤어,오른쪽눈,2.71
안검염,수컷,0,코리아 숏헤어,오른쪽눈,2.71
안검염,암컷,4,코리아 숏헤어,왼쪽눈,2.71
안검염,수컷,1,코리아 숏헤어,왼쪽눈,2.71
안검염,암컷,0,코리아 숏헤어,오른쪽눈,2.71
안검염,암컷,8,코리아 숏헤어,왼쪽눈,2.71
안검염,암컷,0,코리아 숏헤어,왼쪽눈,2.71
안검염,암컷,8,코리아 숏헤어,오른쪽눈,2.71
안검염,수컷,1,코리아 숏헤어,오른쪽눈,2.71
안검염,암컷,1,코리아 숏헤어,오른쪽눈,2.71
안검염,암컷,1,코리아 숏헤어,왼쪽눈,2.71
안검염,암컷,4,코리아 숏헤어,오른쪽눈,2.71
안검염,수컷,1,코리아 숏헤어,오른쪽눈,2.71
안검염,수컷,10,코리아 숏헤어,오른쪽눈,2.71
안검염,암컷,0,코리아 숏헤어,왼쪽눈,2.71
안검염,수컷,1,코리아 숏헤어,오른쪽눈,2.71
안검염,수컷,1,코리아 숏헤어,오른쪽눈,2.71
안검염,암컷,1,코리아 숏헤어,왼쪽눈,2.71
안검염,수컷,1,코리아 숏헤어,오른쪽눈,2.71
안검염,수컷,1,코리아 숏헤어,오른쪽눈,2.71
안검염,암컷,0,코리아 숏헤어,오른쪽눈,2.71
안검염,수컷,1,코리아 숏헤어,오른쪽눈,2.71
안검염,수컷,1,코리아 숏헤어,오른쪽눈,2.71
안검염,암컷,1,코리아 숏헤어,오른쪽눈,2.71
안검염,수컷,1,코리아 숏헤어,오른쪽눈,2.71
안검염,수컷,1,코리아 숏헤어,오른쪽눈,2.71
안검염,암컷,1,코리아 숏헤어,왼쪽눈,2.71
안검염,수컷,1,코리아 숏헤어,왼쪽눈,2.71
안검염,암컷,10,코리아 숏헤어,오른쪽눈,2.71
안검염,암컷,8,코리아 숏헤어,왼쪽눈,2.71
안검염,수컷,1,코리아 숏헤어,왼쪽눈,2.71
안검염,수컷,1,코리아 숏헤어,왼쪽눈,2.71
안검염,수컷,1,코리아 숏헤어,오른쪽눈,2.71
안검염,수컷,1,코리아 숏헤어,오른쪽눈,2.71
안검염,암컷,1,코리아 숏헤어,왼쪽눈,2.71
안검염,암컷,1,코리아 숏헤어,오른쪽눈,2.71
안검염,수컷,0,코리아 숏헤어,왼쪽눈,2.71
안검염,암컷,1,코리아 숏헤어,왼쪽눈,2.71
안검염,암컷,1,코리아 숏헤어,오른쪽눈,2.71
안검염,수컷,5,코리아 숏헤어,오른쪽눈,2.71
안검염,암컷,3,코리아 숏헤어,왼쪽눈,2.71
안검염,수컷,5,코리아 숏헤어,왼쪽눈,2.71
안검염,암컷,6,코리아 숏헤어,왼쪽눈,2.71
안검염,암컷,5,코리아 숏헤어,왼쪽눈,2.71
안검염,암컷,7,코리아 숏헤어,왼쪽눈,2.71
안검염,수컷,3,코리아 숏헤어,왼쪽눈,2.71
안검염,수컷,3,코리아 숏헤어,왼쪽눈,2.71
안검염,수컷,3,코리아 숏헤어,오른쪽눈,2.71
안검염,암컷,0,코리아 숏헤어,왼쪽눈,2.71
안검염,암컷,4,코리아 숏헤어,오른쪽눈,2.71
안검염,수컷,0,코리아 숏헤어,왼쪽눈,2.71
안검염,암컷,6,코리아 숏헤어,오른쪽눈,2.71
안검염,암컷,2,코리아 숏헤어,왼쪽눈,2.71
안검염,암컷,11,코리아 숏헤어,왼쪽눈,2.71
안검염,수컷,3,코리아 숏헤어,오른쪽눈,2.71
안검염,수컷,5,코리아 숏헤어,왼쪽눈,2.71
안검염,수컷,5,코리아 숏헤어,왼쪽눈,2.71
안검염,암컷,2,코리아 숏헤어,오른쪽눈,2.71
안검염,수컷,3,코리아 숏헤어,왼쪽눈,2.71
안검염,수컷,5,코리아 숏헤어,오른쪽눈,2.71
안검염,암컷,3,코리아 숏헤어,오른쪽눈,2.71
안검염,수컷,3,코리아 숏헤어,오른쪽눈,2.71
안검염,수컷,3,코리아 숏헤어,오른쪽눈,2.71
안검염,암컷,6,코리아 숏헤어,오른쪽눈,2.71
안검염,수컷,1,코리아 숏헤어,오른쪽눈,2.71
안검염,암컷,1,코리아 숏헤어,왼쪽눈,2.71
안검염,암컷,1,코리아 숏헤어,왼쪽눈,2.71
안검염,수컷,0,코리아 숏헤어,왼쪽눈,2.71
안검염,암컷,0,코리아 숏헤어,왼쪽눈,2.71
안검염,수컷,0,코리아 숏헤어,왼쪽눈,2.71
안검염,암컷,9,코리아 숏헤어,왼쪽눈,2.71
안검염,암컷,3,코리아 숏헤어,오른쪽눈,2.71
안검염,암컷,3,코리아 숏헤어,오른쪽눈,2.71
안검염,수컷,1,코리아 숏헤어,왼쪽눈,2.71
안검염,수컷,1,코리아 숏헤어,왼쪽눈,2.71
안검염,수컷,0,코리아 숏헤어,왼쪽눈,2.71
안검염,암컷,3,코리아 숏헤어,오른쪽눈,2.71
안검염,수컷,6,코리아 숏헤어,오른쪽눈,2.71
안검염,암컷,3,코리아 숏헤어,왼쪽눈,2.71
안검염,수컷,2,코리아 숏헤어,오른쪽눈,2.71
안검염,수컷,9,코리아 숏헤어,왼쪽눈,2.71
안검염,수컷,0,코리아 숏헤어,오른쪽눈,2.71
안검염,수컷,5,코리아 숏헤어,왼쪽눈,2.71
안검염,암컷,1,코리아 숏헤어,왼쪽눈,2.71
안검염,수컷,5,코리아 숏헤어,왼쪽눈,2.71
안검염,수컷,1,코리아 숏헤어,오른쪽눈,2.71
안검염,암컷,2,코리아 숏헤어,왼쪽눈,2.71
안검염,암컷,2,코리아 숏헤어,왼쪽눈,2.71
안검염,수컷,2,코리아 숏헤어,오른쪽눈,2.71
안검염,수컷,3,코리아 숏헤어,오른쪽눈,2.71
안검염,수컷,0,코리아 숏헤어,왼쪽눈,2.71
안검염,수컷,5,코리아 숏헤어,오른쪽눈,2.71
안검염,수컷,0,코리아 숏헤어,왼쪽눈,2.71
안검염,수컷,1,코리아 숏헤어,오른쪽눈,2.71
안검염,수컷,6,코리아 숏헤어,오른쪽눈,2.71
안검염,수컷,5,코리아 숏헤어,오른쪽눈,2.71
안검염,수컷,9,코리아 숏헤어,오른쪽눈,2.71
안검염,수컷,11,코리아 숏헤어,왼쪽눈,2.71
안검염,암컷,8,코리아 숏헤어,왼쪽눈,2.71
안검염,수컷,5,코리아 숏헤어,오른쪽눈,2.71
안검염,암컷,0,코리아 숏헤어,오른쪽눈,2.71
안검염,암컷,0,코리아 숏헤어,왼쪽눈,2.71
안검염,수컷,1,코리아 숏헤어,오른쪽눈,2.71
안검염,수컷,0,코리아 숏헤어,왼쪽눈,2.71
안검염,수컷,0,코리아 숏헤어,왼쪽눈,2.71
안검염,암컷,1,코리아 숏헤어,왼쪽눈,2.71
안검염,수컷,3,코리아 숏헤어,오른쪽눈,2.71
안검염,수컷,0,코리아 숏헤어,왼쪽눈,2.71
안검염,수컷,0,코리아 숏헤어,왼쪽눈,2.71
안검염,수컷,0,코리아 숏헤어,오른쪽눈,2.71
안검염,암컷,0,코리아 숏헤어,왼쪽눈,2.71
안검염,암컷,0,코리아 숏헤어,오른쪽눈,2.71
안검염,수컷,3,코리아 숏헤어,왼쪽눈,2.71
안검염,수컷,3,코리아 숏헤어,오른쪽눈,2.71
안검염,암컷,2,코리아 숏헤어,왼쪽눈,2.71
안검염,수컷,3,코리아 숏헤어,오른쪽눈,2.71
안검염,수컷,0,코리아 숏헤어,왼쪽눈,2.71
안검염,암컷,4,코리아 숏헤어,오른쪽눈,2.71
안검염,수컷,0,코리아 숏헤어,오른쪽눈,2.71
안검염,수컷,5,코리아 숏헤어,왼쪽눈,2.71
안검염,암컷,7,코리아 숏헤어,오른쪽눈,2.71
안검염,암컷,2,코리아 숏헤어,오른쪽눈,2.71
안검염,수컷,0,코리아 숏헤어,오른쪽눈,2.71
안검염,수컷,3,코리아 숏헤어,왼쪽눈,2.71
안검염,암컷,3,코리아 숏헤어,왼쪽눈,2.71
안검염,수컷,3,코리아 숏헤어,오른쪽눈,2.71
안검염,수컷,3,코리아 숏헤어,오른쪽눈,2.71
안검염,수컷,5,코리아 숏헤어,왼쪽눈,2.71
안검염,암컷,7,코리아 숏헤어,오른쪽눈,2.71
안검염,수컷,1,코리아 숏헤어,오른쪽눈,2.71
안검염,수컷,5,코리아 숏헤어,왼쪽눈,2.71
안검염,수컷,5,코리아 숏헤어,왼쪽눈,2.71
안검염,수컷,12,코리아 숏헤어,오른쪽눈,2.71
안검염,수컷,9,코리아 숏헤어,오른쪽눈,2.71
안검염,수컷,9,코리아 숏헤어,왼쪽눈,2.71
안검염,암컷,0,코리아 숏헤어,왼쪽눈,2.71
안검염,수컷,0,코리아 숏헤어,오른쪽눈,2.71
안검염,수컷,5,코리아 숏헤어,왼쪽눈,2.71
안검염,수컷,3,코리아 숏헤어,왼쪽눈,2.71
안검염,수컷,0,코리아 숏헤어,오른쪽눈,2.71
안검염,수컷,0,코리아 숏헤어,오른쪽눈,2.71
안검염,암컷,5,코리아 숏헤어,왼쪽눈,2.71
안검염,암컷,1,코리아 숏헤어,왼쪽눈,2.71
안검염,암컷,1,코리아 숏헤어,오른쪽눈,2.71
안검염,암컷,2,코리아 숏헤어,왼쪽눈,2.71
안검염,암컷,5,코리아 숏헤어,오른쪽눈,2.71
안검염,수컷,2,코리아 숏헤어,오른쪽눈,2.71
안검염,암컷,1,코리아 숏헤어,오른쪽눈,2.71
안검염,수컷,0,코리아 숏헤어,왼쪽눈,2.71
안검염,수컷,0,코리아 숏헤어,오른쪽눈,2.71
안검염,수컷,3,코리아 숏헤어,왼쪽눈,2.71
안검염,수컷,0,코리아 숏헤어,오른쪽눈,2.71
안검염,수컷,5,코리아 숏헤어,오른쪽눈,2.71
안검염,암컷,7,코리아 숏헤어,왼쪽눈,2.71
안검염,암컷,1,코리아 숏헤어,오른쪽눈,2.71
안검염,암컷,0,코리아 숏헤어,오른쪽눈,2.71
안검염,수컷,0,코리아 숏헤어,왼쪽눈,2.71
안검염,수컷,3,코리아 숏헤어,왼쪽눈,2.71
안검염,수컷,3,코리아 숏헤어,오른쪽눈,2.71
안검염,수컷,10,코리아 숏헤어,왼쪽눈,2.71
안검염,수컷,3,코리아 숏헤어,오른쪽눈,2.71
안검염,수컷,2,코리아 숏헤어,왼쪽눈,2.71
안검염,수컷,6,코리아 숏헤어,오른쪽눈,2.71
안검염,수컷,12,코리아 숏헤어,오른쪽눈,2.71
안검염,수컷,5,코리아 숏헤어,왼쪽눈,2.71
안검염,수컷,3,코리아 숏헤어,오른쪽눈,2.71
안검염,암컷,3,코리아 숏헤어,오른쪽눈,2.71
안검염,수컷,1,코리아 숏헤어,오른쪽눈,2.71
안검염,수컷,5,코리아 숏헤어,오른쪽눈,2.71
안검염,수컷,3,코리아 숏헤어,왼쪽눈,2.71
안검염,수컷,0,코리아 숏헤어,왼쪽눈,2.71
안검염,암컷,1,코리아 숏헤어,오른쪽눈,2.71
안검염,수컷,2,코리아 숏헤어,왼쪽눈,2.71
안검염,수컷,5,코리아 숏헤어,오른쪽눈,2.71
안검염,수컷,0,코리아 숏헤어,오른쪽눈,2.71
안검염,수컷,5,코리아 숏헤어,오른쪽눈,2.71
안검염,암컷,0,코리아 숏헤어,오른쪽눈,2.71
안검염,수컷,6,코리아 숏헤어,왼쪽눈,2.71
안검염,수컷,5,코리아 숏헤어,오른쪽눈,2.71
안검염,암컷,2,코리아 숏헤어,왼쪽눈,2.71
안검염,암컷,2,코리아 숏헤어,오른쪽눈,2.71
안검염,수컷,5,코리아 숏헤어,왼쪽눈,2.71
안검염,암컷,0,코리아 숏헤어,왼쪽눈,2.71
안검염,수컷,0,코리아 숏헤어,오른쪽눈,2.71
안검염,암컷,5,코리아 숏헤어,왼쪽눈,2.71
안검염,수컷,3,코리아 숏헤어,왼쪽눈,2.71
안검염,수컷,0,코리아 숏헤어,오른쪽눈,2.71
안검염,수컷,0,코리아 숏헤어,오른쪽눈,2.71
안검염,수컷,12,코리아 숏헤어,오른쪽눈,2.71
안검염,수컷,0,코리아 숏헤어,왼쪽눈,2.71
안검염,수컷,0,코리아 숏헤어,왼쪽눈,2.71
안검염,수컷,3,코리아 숏헤어,오른쪽눈,2.71
안검염,암컷,0,코리아 숏헤어,오른쪽눈,2.71
안검염,암컷,6,코리아 숏헤어,오른쪽눈,2.71
안검염,수컷,5,코리아 숏헤어,왼쪽눈,2.71
안검염,암컷,7,코리아 숏헤어,오른쪽눈,2.71
안검염,암컷,1,코리아 숏헤어,오른쪽눈,2.71
안검염,수컷,0,코리아 숏헤어,왼쪽눈,2.71
안검염,수컷,3,코리아 숏헤어,왼쪽눈,2.71
안검염,수컷,3,코리아 숏헤어,오른쪽눈,2.71
안검염,수컷,1,코리아 숏헤어,왼쪽눈,2.71
안검염,수컷,0,코리아 숏헤어,오른쪽눈,2.71
안검염,수컷,9,코리아 숏헤어,오른쪽눈,2.71
안검염,암컷,0,코리아 숏헤어,왼쪽눈,2.71
안검염,수컷,5,코리아 숏헤어,오른쪽눈,2.71
안검염,수컷,9,코리아 숏헤어,오른쪽눈,2.71
안검염,수컷,9,코리아 숏헤어,오른쪽눈,2.71
안검염,수컷,0,코리아 숏헤어,왼쪽눈,2.71
안검염,암컷,3,코리아 숏헤어,오른쪽눈,2.71
안검염,암컷,7,코리아 숏헤어,오른쪽눈,2.71
안검염,암컷,0,코리아 숏헤어,왼쪽눈,2.71
안검염,수컷,3,코리아 숏헤어,왼쪽눈,2.71
안검염,수컷,2,코리아 숏헤어,왼쪽눈,2.71
안검염,수컷,3,코리아 숏헤어,오른쪽눈,2.71
안검염,수컷,5,코리아 숏헤어,오른쪽눈,2.71
안검염,암컷,3,코리아 숏헤어,오른쪽눈,2.71
안검염,암컷,2,코리아 숏헤어,오른쪽눈,2.71
안검염,수컷,11,코리아 숏헤어,오른쪽눈,2.71
안검염,수컷,9,코리아 숏헤어,오른쪽눈,2.71
안검염,암컷,10,코리아 숏헤어,왼쪽눈,2.71
안검염,수컷,0,코리아 숏헤어,왼쪽눈,2.71
안검염,수컷,5,코리아 숏헤어,오른쪽눈,2.71
안검염,수컷,6,코리아 숏헤어,오른쪽눈,2.71
안검염,암컷,2,코리아 숏헤어,오른쪽눈,2.71
안검염,수컷,5,코리아 숏헤어,오른쪽눈,2.71
안검염,암컷,7,코리아 숏헤어,오른쪽눈,2.71
안검염,암컷,2,코리아 숏헤어,오른쪽눈,2.71
안검염,수컷,3,코리아 숏헤어,왼쪽눈,2.71
안검염,암컷,10,코리아 숏헤어,오른쪽눈,2.71
안검염,암컷,8,코리아 숏헤어,왼쪽눈,2.71
안검염,수컷,9,코리아 숏헤어,왼쪽눈,2.71
안검염,암컷,1,코리아 숏헤어,왼쪽눈,2.71
안검염,암컷,1,코리아 숏헤어,왼쪽눈,2.71
안검염,수컷,6,코리아 숏헤어,왼쪽눈,2.71
안검염,암컷,1,코리아 숏헤어,오른쪽눈,2.71
안검염,암컷,0,코리아 숏헤어,오른쪽눈,2.71
안검염,암컷,1,코리아 숏헤어,오른쪽눈,2.71
안검염,수컷,3,코리아 숏헤어,오른쪽눈,2.71
안검염,암컷,4,코리아 숏헤어,왼쪽눈,2.71
안검염,수컷,3,코리아 숏헤어,오른쪽눈,2.71
안검염,암컷,1,코리아 숏헤어,오른쪽눈,2.71
안검염,암컷,0,코리아 숏헤어,오른쪽눈,2.71
안검염,수컷,3,코리아 숏헤어,오른쪽눈,2.71
안검염,수컷,7,코리아 숏헤어,오른쪽눈,2.71
안검염,수컷,5,코리아 숏헤어,왼쪽눈,2.71
안검염,암컷,2,코리아 숏헤어,오른쪽눈,2.71
안검염,수컷,6,코리아 숏헤어,오른쪽눈,2.71
안검염,암컷,1,코리아 숏헤어,왼쪽눈,2.71
안검염,수컷,0,코리아 숏헤어,오른쪽눈,2.71
안검염,암컷,0,코리아 숏헤어,오른쪽눈,2.71
안검염,암컷,1,코리아 숏헤어,오른쪽눈,2.71
안검염,암컷,1,코리아 숏헤어,오른쪽눈,2.71
안검염,암컷,1,코리아 숏헤어,오른쪽눈,2.71
안검염,암컷,3,코리아 숏헤어,오른쪽눈,2.71
안검염,수컷,2,코리아 숏헤어,오른쪽눈,2.71
안검염,수컷,5,코리아 숏헤어,왼쪽눈,2.71
안검염,수컷,5,코리아 숏헤어,오른쪽눈,2.71
안검염,암컷,3,코리아 숏헤어,왼쪽눈,2.71
안검염,수컷,9,코리아 숏헤어,오른쪽눈,2.71
안검염,수컷,1,코리아 숏헤어,오른쪽눈,2.71
안검염,수컷,0,코리아 숏헤어,왼쪽눈,2.71
안검염,암컷,4,코리아 숏헤어,왼쪽눈,2.71
안검염,암컷,1,코리아 숏헤어,오른쪽눈,2.71
안검염,암컷,0,코리아 숏헤어,왼쪽눈,2.71
안검염,수컷,1,코리아 숏헤어,오른쪽눈,2.71
안검염,수컷,3,코리아 숏헤어,왼쪽눈,2.71
안검염,수컷,3,코리아 숏헤어,왼쪽눈,2.71
안검염,수컷,1,코리아 숏헤어,왼쪽눈,2.71
안검염,암컷,3,코리아 숏헤어,오른쪽눈,2.71
안검염,수컷,3,코리아 숏헤어,왼쪽눈,2.71
안검염,수컷,3,코리아 숏헤어,오른쪽눈,2.71
안검염,암컷,1,코리아 숏헤어,왼쪽눈,2.71
안검염,암컷,0,코리아 숏헤어,오른쪽눈,2.71
안검염,수컷,0,코리아 숏헤어,오른쪽눈,2.71
안검염,수컷,3,코리아 숏헤어,왼쪽눈,2.71
안검염,암컷,3,코리아 숏헤어,왼쪽눈,2.71
안검염,암컷,1,코리아 숏헤어,왼쪽눈,2.71
안검염,암컷,0,코리아 숏헤어,오른쪽눈,2.71
안검염,수컷,1,코리아 숏헤어,오른쪽눈,2.71
안검염,암컷,1,코리아 숏헤어,왼쪽눈,2.71
안검염,수컷,5,코리아 숏헤어,왼쪽눈,2.71
안검염,수컷,2,코리아 숏헤어,왼쪽눈,2.71
안검염,수컷,0,코리아 숏헤어,왼쪽눈,2.71
안검염,암컷,2,코리아 숏헤어,오른쪽눈,2.71
안검염,수컷,5,코리아 숏헤어,왼쪽눈,2.71
안검염,암컷,2,코리아 숏헤어,오른쪽눈,2.71
안검염,수컷,5,코리아 숏헤어,오른쪽눈,2.71
안검염,암컷,0,코리아 숏헤어,오른쪽눈,2.71
안검염,암컷,12,코리아 숏헤어,왼쪽눈,2.71
안검염,수컷,5,코리아 숏헤어,왼쪽눈,2.71
안검염,암컷,6,코리아 숏헤어,오른쪽눈,2.71
안검염,수컷,9,코리아 숏헤어,왼쪽눈,2.71
안검염,암컷,0,코리아 숏헤어,오른쪽눈,2.71
안검염,수컷,3,코리아 숏헤어,오른쪽눈,2.71
안검염,수컷,3,코리아 숏헤어,오른쪽눈,2.71
안검염,수컷,0,코리아 숏헤어,왼쪽눈,2.71
안검염,암컷,3,코리아 숏헤어,왼쪽눈,2.71
안검염,암컷,1,코리아 숏헤어,왼쪽눈,2.71
안검염,암컷,7,코리아 숏헤어,오른쪽눈,2.71
안검염,수컷,5,코리아 숏헤어,왼쪽눈,2.71
안검염,암컷,7,코리아 숏헤어,왼쪽눈,2.71
안검염,암컷,0,코리아 숏헤어,왼쪽눈,2.71
안검염,수컷,0,코리아 숏헤어,오른쪽눈,2.71
안검염,암컷,1,코리아 숏헤어,왼쪽눈,2.71
안검염,수컷,0,코리아 숏헤어,오른쪽눈,2.71
안검염,암컷,3,코리아 숏헤어,오른쪽눈,2.71
안검염,수컷,2,코리아 숏헤어,오른쪽눈,2.71
안검염,수컷,5,코리아 숏헤어,왼쪽눈,2.71
안검염,암컷,8,코리아 숏헤어,오른쪽눈,2.71
안검염,수컷,3,코리아 숏헤어,오른쪽눈,2.71
안검염,암컷,0,코리아 숏헤어,왼쪽눈,2.71
안검염,암컷,0,코리아 숏헤어,오른쪽눈,2.71
안검염,암컷,3,코리아 숏헤어,오른쪽눈,2.71
안검염,수컷,3,코리아 숏헤어,왼쪽눈,2.71
안검염,암컷,7,코리아 숏헤어,오른쪽눈,2.71
안검염,암컷,2,코리아 숏헤어,오른쪽눈,2.71
안검염,암컷,1,코리아 숏헤어,왼쪽눈,2.71
안검염,수컷,3,코리아 숏헤어,왼쪽눈,2.71
안검염,수컷,0,코리아 숏헤어,왼쪽눈,2.71
안검염,암컷,6,코리아 숏헤어,오른쪽눈,2.71
안검염,암컷,2,코리아 숏헤어,오른쪽눈,2.71
안검염,수컷,0,코리아 숏헤어,오른쪽눈,2.71
안검염,암컷,7,코리아 숏헤어,왼쪽눈,2.71
안검염,수컷,5,코리아 숏헤어,오른쪽눈,2.71
안검염,암컷,1,코리아 숏헤어,왼쪽눈,2.71
안검염,암컷,1,코리아 숏헤어,오른쪽눈,2.71
안검염,수컷,3,코리아 숏헤어,오른쪽눈,2.71
안검염,수컷,12,코리아 숏헤어,왼쪽눈,2.71
안검염,수컷,0,코리아 숏헤어,오른쪽눈,2.71
안검염,수컷,3,코리아 숏헤어,오른쪽눈,2.71
안검염,수컷,1,코리아 숏헤어,왼쪽눈,2.71
안검염,암컷,0,코리아 숏헤어,왼쪽눈,2.71
안검염,수컷,3,코리아 숏헤어,오른쪽눈,2.71
안검염,수컷,3,코리아 숏헤어,왼쪽눈,2.71
안검염,수컷,3,코리아 숏헤어,왼쪽눈,2.71
안검염,수컷,5,코리아 숏헤어,오른쪽눈,2.71
안검염,수컷,5,코리아 숏헤어,오른쪽눈,2.71
안검염,수컷,1,코리아 숏헤어,왼쪽눈,2.71
안검염,수컷,1,코리아 숏헤어,오른쪽눈,2.71
안검염,암컷,0,코리아 숏헤어,오른쪽눈,2.71
안검염,암컷,11,코리아 숏헤어,오른쪽눈,2.71
안검염,암컷,11,코리아 숏헤어,오른쪽눈,2.71
안검염,수컷,3,코리아 숏헤어,오른쪽눈,2.71
안검염,수컷,6,코리아 숏헤어,왼쪽눈,2.71
안검염,암컷,6,코리아 숏헤어,왼쪽눈,2.71
안검염,암컷,0,코리아 숏헤어,왼쪽눈,2.71
안검염,수컷,3,코리아 숏헤어,왼쪽눈,2.71
안검염,암컷,11,코리아 숏헤어,왼쪽눈,2.71
안검염,암컷,1,코리아 숏헤어,왼쪽눈,2.71
안검염,수컷,2,코리아 숏헤어,왼쪽눈,2.71
안검염,수컷,0,코리아 숏헤어,오른쪽눈,2.71
안검염,암컷,7,코리아 숏헤어,왼쪽눈,2.71
안검염,암컷,1,코리아 숏헤어,오른쪽눈,2.71
안검염,수컷,3,코리아 숏헤어,오른쪽눈,2.71
안검염,수컷,3,코리아 숏헤어,오른쪽눈,2.71
안검염,수컷,5,코리아 숏헤어,왼쪽눈,2.71
안검염,수컷,5,코리아 숏헤어,오른쪽눈,2.71
안검염,수컷,10,코리아 숏헤어,오른쪽눈,2.71
안검염,수컷,11,코리아 숏헤어,왼쪽눈,2.71
안검염,수컷,5,코리아 숏헤어,오른쪽눈,2.71
안검염,수컷,5,코리아 숏헤어,왼쪽눈,2.71
안검염,암컷,6,코리아 숏헤어,왼쪽눈,2.71
안검염,암컷,1,코리아 숏헤어,오른쪽눈,2.71
안검염,수컷,9,코리아 숏헤어,왼쪽눈,2.71
안검염,수컷,3,코리아 숏헤어,왼쪽눈,2.71
안검염,수컷,3,코리아 숏헤어,오른쪽눈,2.71
안검염,암컷,1,코리아 숏헤어,오른쪽눈,2.71
안검염,수컷,1,코리아 숏헤어,오른쪽눈,2.71
안검염,수컷,0,코리아 숏헤어,오른쪽눈,2.71
안검염,암컷,0,코리아 숏헤어,왼쪽눈,2.71
안검염,암컷,7,코리아 숏헤어,오른쪽눈,2.71
안검염,수컷,3,코리아 숏헤어,왼쪽눈,2.71
안검염,수컷,5,코리아 숏헤어,왼쪽눈,2.71
안검염,암컷,5,코리아 숏헤어,오른쪽눈,2.71
안검염,암컷,1,코리아 숏헤어,오른쪽눈,2.71
안검염,암컷,1,코리아 숏헤어,오른쪽눈,2.71
안검염,수컷,3,코리아 숏헤어,오른쪽눈,2.71
안검염,암컷,5,코리아 숏헤어,왼쪽눈,2.71
안검염,수컷,0,코리아 숏헤어,오른쪽눈,2.71
안검염,수컷,5,코리아 숏헤어,오른쪽눈,2.71
안검염,수컷,1,코리아 숏헤어,오른쪽눈,2.71
안검염,수컷,2,코리아 숏헤어,오른쪽눈,2.71
안검염,수컷,9,코리아 숏헤어,왼쪽눈,2.71
안검염,암컷,2,코리아 숏헤어,오른쪽눈,2.71
안검염,암컷,1,코리아 숏헤어,왼쪽눈,2.71
안검염,암컷,0,코리아 숏헤어,오른쪽눈,2.71
안검염,암컷,4,코리아 숏헤어,오른쪽눈,2.71
안검염,암컷,4,코리아 숏헤어,왼쪽눈,2.71
안검염,암컷,4,코리아 숏헤어,왼쪽눈,2.71
안검염,암컷,4,코리아 숏헤어,왼쪽눈,2.71
안검염,암컷,4,코리아 숏헤어,오른쪽눈,2.71
안검염,수컷,8,코리아 숏헤어,오른쪽눈,2.71
안검염,암컷,4,코리아 숏헤어,왼쪽눈,2.71
안검염,암컷,10,코리아 숏헤어,오른쪽눈,2.71
안검염,수컷,2,코리아 숏헤어,오른쪽눈,2.71
안검염,암컷,0,코리아 숏헤어,오른쪽눈,2.71
안검염,수컷,2,코리아 숏헤어,오른쪽눈,2.71
안검염,수컷,2,코리아 숏헤어,오른쪽눈,2.71
안검염,수컷,2,코리아 숏헤어,오른쪽눈,2.71
안검염,수컷,2,코리아 숏헤어,왼쪽눈,2.71
안검염,수컷,2,코리아 숏헤어,왼쪽눈,2.71
안검염,암컷,0,코리아 숏헤어,왼쪽눈,2.71
안검염,수컷,2,코리아 숏헤어,오른쪽눈,2.71
안검염,수컷,2,코리아 숏헤어,오른쪽눈,2.71
안검염,암컷,0,코리아 숏헤어,오른쪽눈,2.71
안검염,수컷,2,코리아 숏헤어,왼쪽눈,2.71
안검염,수컷,2,코리아 숏헤어,왼쪽눈,2.71
안검염,수컷,0,코리아 숏헤어,왼쪽눈,2.71
안검염,수컷,1,코리아 숏헤어,왼쪽눈,2.71
안검염,수컷,0,코리아 숏헤어,오른쪽눈,2.71
안검염,수컷,2,코리아 숏헤어,왼쪽눈,2.71
안검염,수컷,0,코리아 숏헤어,오른쪽눈,2.71
안검염,수컷,2,코리아 숏헤어,오른쪽눈,2.71
안검염,수컷,0,코리아 숏헤어,오른쪽눈,2.71
안검염,수컷,2,코리아 숏헤어,오른쪽눈,2.71
안검염,수컷,0,코리아 숏헤어,왼쪽눈,2.71
안검염,수컷,2,코리아 숏헤어,오른쪽눈,2.71
안검염,수컷,2,코리아 숏헤어,왼쪽눈,2.71
안검염,수컷,2,코리아 숏헤어,왼쪽눈,2.71
안검염,수컷,0,코리아 숏헤어,왼쪽눈,2.71
안검염,수컷,0,코리아 숏헤어,왼쪽눈,2.71
안검염,수컷,2,코리아 숏헤어,오른쪽눈,2.71
안검염,수컷,2,코리아 숏헤어,오른쪽눈,2.71
안검염,수컷,0,코리아 숏헤어,왼쪽눈,2.71
안검염,암컷,0,코리아 숏헤어,오른쪽눈,2.71
안검염,수컷,2,코리아 숏헤어,왼쪽눈,2.71
안검염,수컷,2,코리아 숏헤어,왼쪽눈,2.71
안검염,수컷,2,코리아 숏헤어,오른쪽눈,2.71
안검염,암컷,0,코리아 숏헤어,왼쪽눈,2.71
안검염,수컷,2,코리아 숏헤어,오른쪽눈,2.71
안검염,암컷,10,코리아 숏헤어,오른쪽눈,2.71
안검염,수컷,2,코리아 숏헤어,왼쪽눈,2.71
안검염,암컷,0,코리아 숏헤어,오른쪽눈,2.71
안검염,수컷,1,코리아 숏헤어,오른쪽눈,2.71
안검염,암컷,0,코리아 숏헤어,오른쪽눈,2.71
안검염,수컷,2,코리아 숏헤어,왼쪽눈,2.71
안검염,수컷,0,코리아 숏헤어,오른쪽눈,2.71
안검염,수컷,2,코리아 숏헤어,왼쪽눈,2.71
안검염,수컷,2,코리아 숏헤어,왼쪽눈,2.71
안검염,암컷,0,터키시 앙고라,오른쪽눈,2.91
안검염,수컷,4,터키시 앙고라,오른쪽눈,2.91
안검염,수컷,11,터키시 앙고라,왼쪽눈,2.91
안검염,암컷,5,터키시 앙고라,오른쪽눈,2.91
안검염,암컷,12,터키시 앙고라,오른쪽눈,2.91
안검염,암컷,0,터키시 앙고라,오른쪽눈,2.91
안검염,암컷,5,터키시 앙고라,왼쪽눈,2.91
안검염,수컷,11,터키시 앙고라,오른쪽눈,2.91
안검염,암컷,1,터키시 앙고라,오른쪽눈,2.91
안검염,수컷,4,터키시 앙고라,왼쪽눈,2.91
안검염,암컷,1,터키시 앙고라,오른쪽눈,2.91
안검염,암컷,0,터키시 앙고라,오른쪽눈,2.91
안검염,암컷,1,터키시 앙고라,오른쪽눈,2.91
안검염,암컷,13,터키시 앙고라,왼쪽눈,2.91
안검염,수컷,0,터키시 앙고라,오른쪽눈,2.91
안검염,암컷,1,터키시 앙고라,왼쪽눈,2.91
안검염,수컷,4,터키시 앙고라,오른쪽눈,2.91
안검염,암컷,5,터키시 앙고라,왼쪽눈,2.91
안검염,암컷,1,터키시 앙고라,왼쪽눈,2.91
안검염,수컷,11,터키시 앙고라,왼쪽눈,2.91
안검염,수컷,4,터키시 앙고라,오른쪽눈,2.91
안검염,수컷,11,터키시 앙고라,오른쪽눈,2.91
안검염,암컷,5,터키시 앙고라,오른쪽눈,2.91
안검염,암컷,1,터키시 앙고라,오른쪽눈,2.91
안검염,수컷,4,터키시 앙고라,오른쪽눈,2.91
안검염,수컷,4,터키시 앙고라,왼쪽눈,2.91
안검염,암컷,0,터키시 앙고라,오른쪽눈,2.91
안검염,수컷,1,터키시 앙고라,오른쪽눈,2.91
안검염,암컷,5,터키시 앙고라,왼쪽눈,2.91
안검염,수컷,11,터키시 앙고라,오른쪽눈,2.91
안검염,암컷,0,터키시 앙고라,오른쪽눈,2.91
안검염,수컷,0,터키시 앙고라,왼쪽눈,2.91
안검염,수컷,4,터키시 앙고라,왼쪽눈,2.91
안검염,수컷,1,터키시 앙고라,오른쪽눈,2.91
안검염,수컷,1,터키시 앙고라,왼쪽눈,2.91
안검염,수컷,4,터키시 앙고라,오른쪽눈,2.91
안검염,수컷,4,터키시 앙고라,오른쪽눈,2.91
안검염,수컷,4,터키시 앙고라,왼쪽눈,2.91
안검염,수컷,4,터키시 앙고라,오른쪽눈,2.91
안검염,수컷,4,터키시 앙고라,왼쪽눈,2.91
안검염,수컷,1,터키시 앙고라,왼쪽눈,2.91
안검염,수컷,4,터키시 앙고라,오른쪽눈,2.91
안검염,수컷,1,터키시 앙고라,오른쪽눈,2.91
안검염,암컷,0,터키시 앙고라,왼쪽눈,2.91
안검염,수컷,1,터키시 앙고라,왼쪽눈,2.91
안검염,수컷,1,터키시 앙고라,오른쪽눈,2.91
안검염,암컷,0,터키시 앙고라,왼쪽눈,2.91
안검염,수컷,4,터키시 앙고라,오른쪽눈,2.91
안검염,수컷,1,터키시 앙고라,왼쪽눈,2.91
안검염,수컷,1,터키시 앙고라,왼쪽눈,2.91
안검염,수컷,1,터키시 앙고라,왼쪽눈,2.91
안검염,수컷,1,터키시 앙고라,왼쪽눈,2.91
안검염,수컷,4,터키시 앙고라,오른쪽눈,2.91
안검염,수컷,4,터키시 앙고라,오른쪽눈,2.91
안검염,수컷,1,터키시 앙고라,오른쪽눈,2.91
안검염,수컷,1,터키시 앙고라,왼쪽눈,2.91
안검염,수컷,1,터키시 앙고라,왼쪽눈,2.91
안검염,수컷,4,터키시 앙고라,오른쪽눈,2.91
안검염,수컷,4,터키시 앙고라,오른쪽눈,2.91
안검염,암컷,0,터키시 앙고라,오른쪽눈,2.91
안검염,수컷,4,터키시 앙고라,왼쪽눈,2.91
안검염,수컷,4,터키시 앙고라,오른쪽눈,2.91
안검염,수컷,1,터키시 앙고라,오른쪽눈,2.91
안검염,수컷,1,터키시 앙고라,왼쪽눈,2.91
안검염,수컷,1,터키시 앙고라,오른쪽눈,2.91
안검염,수컷,1,터키시 앙고라,오른쪽눈,2.91
안검염,수컷,4,터키시 앙고라,왼쪽눈,2.91
안검염,수컷,1,터키시 앙고라,왼쪽눈,2.91
안검염,수컷,6,터키시 앙고라,왼쪽눈,2.91
안검염,암컷,0,터키시 앙고라,오른쪽눈,2.91
안검염,암컷,6,터키시 앙고라,오른쪽눈,2.91
안검염,수컷,1,터키시 앙고라,왼쪽눈,2.91
안검염,수컷,4,터키시 앙고라,오른쪽눈,2.91
안검염,암컷,6,터키시 앙고라,왼쪽눈,2.91
안검염,수컷,1,터키시 앙고라,오른쪽눈,2.91
안검염,수컷,1,터키시 앙고라,오른쪽눈,2.91
안검염,수컷,1,터키시 앙고라,왼쪽눈,2.91
안검염,수컷,4,터키시 앙고라,왼쪽눈,2.91
안검염,수컷,4,터키시 앙고라,오른쪽눈,2.91
안검염,암컷,1,터키시 앙고라,오른쪽눈,2.91
안검염,암컷,1,터키시 앙고라,왼쪽눈,2.91
안검염,수컷,1,터키시 앙고라,왼쪽눈,2.91
안검염,수컷,1,터키시 앙고라,오른쪽눈,2.91
안검염,수컷,4,터키시 앙고라,오른쪽눈,2.91
안검염,수컷,1,터키시 앙고라,오른쪽눈,2.91
안검염,수컷,1,터키시 앙고라,오른쪽눈,2.91
안검염,수컷,1,터키시 앙고라,오른쪽눈,2.91
안검염,수컷,4,터키시 앙고라,왼쪽눈,2.91
안검염,암컷,0,터키시 앙고라,왼쪽눈,2.91
안검염,수컷,1,터키시 앙고라,왼쪽눈,2.91
안검염,암컷,5,터키시 앙고라,오른쪽눈,2.91
안검염,암컷,0,터키시 앙고라,오른쪽눈,2.91
안검염,수컷,1,터키시 앙고라,오른쪽눈,2.91
안검염,수컷,4,터키시 앙고라,오른쪽눈,2.91
안검염,수컷,1,페르시안,오른쪽눈,4.49
안검염,암컷,7,페르시안,왼쪽눈,4.49
안검염,수컷,8,페르시안,오른쪽눈,4.49
안검염,암컷,0,페르시안,왼쪽눈,4.49
안검염,수컷,1,페르시안,왼쪽눈,4.49
안검염,암컷,7,페르시안,오른쪽눈,4.49
안검염,암컷,0,페르시안,왼쪽눈,4.49
안검염,암컷,13,페르시안,왼쪽눈,4.49
안검염,수컷,1,페르시안,왼쪽눈,4.49
안검염,암컷,6,페르시안,왼쪽눈,4.49
안검염,수컷,1,페르시안,왼쪽눈,4.49
안검염,암컷,0,페르시안,왼쪽눈,4.49
안검염,수컷,1,페르시안,오른쪽눈,4.49
안검염,수컷,1,페르시안,왼쪽눈,4.49
안검염,수컷,1,페르시안,왼쪽눈,4.49
안검염,수컷,1,페르시안,오른쪽눈,4.49
안검염,암컷,7,페르시안,왼쪽눈,4.49
안검염,수컷,1,페르시안,오른쪽눈,4.49
안검염,수컷,0,페르시안,오른쪽눈,4.49
안검염,수컷,1,페르시안,오른쪽눈,4.49
안검염,수컷,0,페르시안,왼쪽눈,4.49
안검염,수컷,1,페르시안,오른쪽눈,4.49
안검염,수컷,8,페르시안,왼쪽눈,4.49
안검염,수컷,1,페르시안,왼쪽눈,4.49
안검염,수컷,1,페르시안,왼쪽눈,4.49
안검염,암컷,13,페르시안,왼쪽눈,4.49
안검염,수컷,1,페르시안,왼쪽눈,4.49
안검염,수컷,1,페르시안,왼쪽눈,4.49
안검염,암컷,0,페르시안,왼쪽눈,4.49
안검염,수컷,1,페르시안,오른쪽눈,4.49
안검염,수컷,1,페르시안,오른쪽눈,4.49
안검염,암컷,13,페르시안,왼쪽눈,4.49
안검염,수컷,1,페르시안,왼쪽눈,4.49
안검염,수컷,1,페르시안,오른쪽눈,4.49
안검염,수컷,1,페르시안,왼쪽눈,4.49
안검염,수컷,2,페르시안,왼쪽눈,4.49
안검염,암컷,13,페르시안,왼쪽눈,4.49
안검염,수컷,1,페르시안,왼쪽눈,4.49
안검염,암컷,7,페르시안,오른쪽눈,4.49
안검염,수컷,4,페르시안,왼쪽눈,4.49
안검염,수컷,1,페르시안,오른쪽눈,4.49
안검염,수컷,8,페르시안,오른쪽눈,4.49
안검염,암컷,8,페르시안,왼쪽눈,4.49
안검염,수컷,0,페르시안,오른쪽눈,4.49
안검염,수컷,1,페르시안,왼쪽눈,4.49
안검염,암컷,13,페르시안,왼쪽눈,4.49
안검염,수컷,1,페르시안,왼쪽눈,4.49
안검염,수컷,1,페르시안,왼쪽눈,4.49
안검염,수컷,1,페르시안,왼쪽눈,4.49
안검염,수컷,1,페르시안,왼쪽눈,4.49
안검염,수컷,1,페르시안,오른쪽눈,4.49
안검염,수컷,1,페르시안,왼쪽눈,4.49
안검염,암컷,13,페르시안,왼쪽눈,4.49
안검염,수컷,0,페르시안,오른쪽눈,4.49
안검염,수컷,2,페르시안,오른쪽눈,4.49
안검염,수컷,1,페르시안,오른쪽눈,4.49
안검염,수컷,1,페르시안,왼쪽눈,4.49
안검염,수컷,1,페르시안,왼쪽눈,4.49
안검염,수컷,1,페르시안,왼쪽눈,4.49
안검염,수컷,1,페르시안,왼쪽눈,4.49
안검염,암컷,1,페르시안,오른쪽눈,4.49
안검염,암컷,0,페르시안,오른쪽눈,4.49
안검염,수컷,1,페르시안,왼쪽눈,4.49
안검염,암컷,7,페르시안,오른쪽눈,4.49
안검염,수컷,1,페르시안,오른쪽눈,4.49
안검염,암컷,0,페르시안,왼쪽눈,4.49
안검염,수컷,1,페르시안,왼쪽눈,4.49
안검염,암컷,1,페르시안,왼쪽눈,4.49
안검염,수컷,1,페르시안,왼쪽눈,4.49
안검염,수컷,1,페르시안,오른쪽눈,4.49
안검염,암컷,7,페르시안,오른쪽눈,4.49
안검염,수컷,1,페르시안,왼쪽눈,4.49
안검염,수컷,1,페르시안,왼쪽눈,4.49
안검염,수컷,1,페르시안,왼쪽눈,4.49
안검염,암컷,0,페르시안,왼쪽눈,4.49
안검염,암컷,0,페르시안,왼쪽눈,4.49
안검염,수컷,1,페르시안,오른쪽눈,4.49
안검염,암컷,7,페르시안,왼쪽눈,4.49
안검염,암컷,10,페르시안,오른쪽눈,4.49
안검염,수컷,1,페르시안,왼쪽눈,4.49
안검염,수컷,1,페르시안,왼쪽눈,4.49
안검염,암컷,0,페르시안,왼쪽눈,4.49
안검염,수컷,1,페르시안,왼쪽눈,4.49
안검염,수컷,1,페르시안,왼쪽눈,4.49
안검염,암컷,6,페르시안,왼쪽눈,4.49
안검염,수컷,1,페르시안,왼쪽눈,4.49
안검염,암컷,6,페르시안,왼쪽눈,4.49
안검염,수컷,8,페르시안,왼쪽눈,4.49
안검염,수컷,1,페르시안,왼쪽눈,4.49
안검염,수컷,1,페르시안,왼쪽눈,4.49
안검염,수컷,1,페르시안,왼쪽눈,4.49
안검염,수컷,1,페르시안,왼쪽눈,4.49
안검염,수컷,1,페르시안,오른쪽눈,4.49
안검염,암컷,13,페르시안,오른쪽눈,4.49
안검염,수컷,1,페르시안,왼쪽눈,4.49
안검염,수컷,1,페르시안,왼쪽눈,4.49
안검염,암컷,7,페르시안,오른쪽눈,4.49
안검염,수컷,1,페르시안,오른쪽눈,4.49
안검염,수컷,6,페르시안,오른쪽눈,4.49
안검염,수컷,1,페르시안,왼쪽눈,4.49
안검염,수컷,1,페르시안,왼쪽눈,4.49
안검염,수컷,1,페르시안,오른쪽눈,4.49
안검염,암컷,6,페르시안,오른쪽눈,4.49
안검염,암컷,0,페르시안,왼쪽눈,4.49
안검염,수컷,1,페르시안,왼쪽눈,4.49
안검염,수컷,1,페르시안,오른쪽눈,4.49
안검염,수컷,6,페르시안,오른쪽눈,4.49
안검염,수컷,1,페르시안,왼쪽눈,4.49
안검염,수컷,0,페르시안,왼쪽눈,4.49
안검염,수컷,0,페르시안,왼쪽눈,4.49
안검염,암컷,0,페르시안,오른쪽눈,4.49
안검염,수컷,9,페르시안,오른쪽눈,4.49
안검염,수컷,1,페르시안,왼쪽눈,4.49
안검염,수컷,1,페르시안,왼쪽눈,4.49
안검염,수컷,1,페르시안,왼쪽눈,4.49
안검염,수컷,8,페르시안,오른쪽눈,4.49
안검염,수컷,9,페르시안,오른쪽눈,4.49
안검염,수컷,1,페르시안,오른쪽눈,4.49
안검염,수컷,1,페르시안,왼쪽눈,4.49
안검염,수컷,1,페르시안,왼쪽눈,4.49
안검염,수컷,1,페르시안,왼쪽눈,4.49
안검염,수컷,1,페르시안,왼쪽눈,4.49
안검염,암컷,6,페르시안,왼쪽눈,4.49
안검염,암컷,0,페르시안,왼쪽눈,4.49
안검염,수컷,1,페르시안,오른쪽눈,4.49
안검염,수컷,0,페르시안,오른쪽눈,4.49
안검염,수컷,9,페르시안,왼쪽눈,4.49
안검염,암컷,0,페르시안,왼쪽눈,4.49
안검염,암컷,6,페르시안,왼쪽눈,4.49
안검염,수컷,4,페르시안,오른쪽눈,4.49
안검염,암컷,0,페르시안,왼쪽눈,4.49
안검염,수컷,1,페르시안,왼쪽눈,4.49
안검염,수컷,1,페르시안,왼쪽눈,4.49
안검염,수컷,8,페르시안,오른쪽눈,4.49
안검염,수컷,1,페르시안,오른쪽눈,4.49
안검염,암컷,7,페르시안,왼쪽눈,4.49
안검염,수컷,1,페르시안,오른쪽눈,4.49
안검염,수컷,1,페르시안,왼쪽눈,4.49
안검염,수컷,4,페르시안,왼쪽눈,4.49
안검염,수컷,2,페르시안,오른쪽눈,4.49
안검염,암컷,0,페르시안,왼쪽눈,4.49
안검염,수컷,1,페르시안,왼쪽눈,4.49
안검염,암컷,7,페르시안,왼쪽눈,4.49
안검염,수컷,1,페르시안,왼쪽눈,4.49
안검염,수컷,1,페르시안,왼쪽눈,4.49
안검염,암컷,0,페르시안,오른쪽눈,4.49
안검염,암컷,7,페르시안,오른쪽눈,4.49
안검염,수컷,11,페르시안,왼쪽눈,4.49
안검염,암컷,6,페르시안,오른쪽눈,4.49
안검염,수컷,6,페르시안,왼쪽눈,4.49
안검염,수컷,1,페르시안,왼쪽눈,4.49
안검염,수컷,1,페르시안,오른쪽눈,4.49
안검염,수컷,11,페르시안,왼쪽눈,4.49
안검염,암컷,6,페르시안,왼쪽눈,4.49
안검염,암컷,6,페르시안,오른쪽눈,4.49
안검염,수컷,4,페르시안,왼쪽눈,4.49
안검염,수컷,6,페르시안,오른쪽눈,4.49
안검염,수컷,6,페르시안,오른쪽눈,4.49
안검염,암컷,5,페르시안,오른쪽눈,4.49
안검염,수컷,6,페르시안,오른쪽눈,4.49
안검염,수컷,1,페르시안,오른쪽눈,4.49
안검염,수컷,11,페르시안,왼쪽눈,4.49
안검염,수컷,6,페르시안,왼쪽눈,4.49
안검염,수컷,6,페르시안,오른쪽눈,4.49
안검염,수컷,11,페르시안,왼쪽눈,4.49
안검염,수컷,1,페르시안,왼쪽눈,4.49
안검염,수컷,6,페르시안,오른쪽눈,4.49
안검염,수컷,4,페르시안,왼쪽눈,4.49
안검염,수컷,11,페르시안,왼쪽눈,4.49
안검염,암컷,0,페르시안,오른쪽눈,4.49
안검염,수컷,6,페르시안,오른쪽눈,4.49
안검염,수컷,11,페르시안,오른쪽눈,4.49
안검염,수컷,6,페르시안,왼쪽눈,4.49
안검염,수컷,6,페르시안,왼쪽눈,4.49
안검염,수컷,11,페르시안,오른쪽눈,4.49
안검염,수컷,4,페르시안,오른쪽눈,4.49
안검염,암컷,7,페르시안,오른쪽눈,4.49
안검염,수컷,6,페르시안,오른쪽눈,4.49
안검염,수컷,11,페르시안,오른쪽눈,4.49
안검염,수컷,6,페르시안,왼쪽눈,4.49
안검염,수컷,6,페르시안,왼쪽눈,4.49
안검염,수컷,4,페르시안,왼쪽눈,4.49
안검염,암컷,0,페르시안,오른쪽눈,4.49
안검염,수컷,6,페르시안,오른쪽눈,4.49
안검염,수컷,9,페르시안,왼쪽눈,4.49
안검염,수컷,1,페르시안,왼쪽눈,4.49
안검염,수컷,6,페르시안,오른쪽눈,4.49
안검염,수컷,11,페르시안,왼쪽눈,4.49
안검염,수컷,4,페르시안,오른쪽눈,4.49
안검염,수컷,11,페르시안,오른쪽눈,4.49
안검염,수컷,6,페르시안,오른쪽눈,4.49
안검염,암컷,6,페르시안,왼쪽눈,4.49
안검염,수컷,6,페르시안,왼쪽눈,4.49
안검염,암컷,7,페르시안,왼쪽눈,4.49
안검염,수컷,4,페르시안,오른쪽눈,4.49
안검염,수컷,11,페르시안,왼쪽눈,4.49
안검염,수컷,6,페르시안,왼쪽눈,4.49
안검염,수컷,9,페르시안,오른쪽눈,4.49
안검염,수컷,1,페르시안,왼쪽눈,4.49
안검염,수컷,11,페르시안,왼쪽눈,4.49
안검염,암컷,7,페르시안,왼쪽눈,4.49
안검염,수컷,6,페르시안,오른쪽눈,4.49
안검염,암컷,7,페르시안,왼쪽눈,4.49
안검염,수컷,11,페르시안,오른쪽눈,4.49
안검염,수컷,9,페르시안,오른쪽눈,4.49
안검염,수컷,6,페르시안,오른쪽눈,4.49
안검염,수컷,11,페르시안,오른쪽눈,4.49
안검염,수컷,4,페르시안,오른쪽눈,4.49
안검염,수컷,1,페르시안,오른쪽눈,4.49
안검염,수컷,11,페르시안,왼쪽눈,4.49
안검염,수컷,12,페르시안,왼쪽눈,4.49
안검염,수컷,11,페르시안,왼쪽눈,4.49
안검염,수컷,1,페르시안,왼쪽눈,4.49
안검염,수컷,11,페르시안,왼쪽눈,4.49
안검염,암컷,6,페르시안,오른쪽눈,4.49
안검염,암컷,1,페르시안,왼쪽눈,4.49
안검염,수컷,11,페르시안,왼쪽눈,4.49
안검염,수컷,6,페르시안,왼쪽눈,4.49
안검염,수컷,11,페르시안,오른쪽눈,4.49
안검염,수컷,4,페르시안,왼쪽눈,4.49
안검염,수컷,11,페르시안,오른쪽눈,4.49
안검염,수컷,12,페르시안,왼쪽눈,4.49
안검염,수컷,11,페르시안,오른쪽눈,4.49
안검염,암컷,6,페르시안,오른쪽눈,4.49
안검염,수컷,1,페르시안,오른쪽눈,4.49
안검염,수컷,1,페르시안,왼쪽눈,4.49
안검염,암컷,5,페르시안,오른쪽눈,4.49
안검염,수컷,11,페르시안,왼쪽눈,4.49
안검염,수컷,11,페르시안,오른쪽눈,4.49
안검염,수컷,4,페르시안,오른쪽눈,4.49
안검염,수컷,11,페르시안,오른쪽눈,4.49
안검염,수컷,6,페르시안,왼쪽눈,4.49
안검염,암컷,7,페르시안,왼쪽눈,4.49
안검염,수컷,6,페르시안,왼쪽눈,4.49
안검염,수컷,11,페르시안,오른쪽눈,4.49
안검염,수컷,9,페르시안,왼쪽눈,4.49
안검염,암컷,7,페르시안,오른쪽눈,4.49
안검염,수컷,1,페르시안,오른쪽눈,4.49
안검염,암컷,0,페르시안,오른쪽눈,4.49
안검염,수컷,6,페르시안,오른쪽눈,4.49
안검염,암컷,7,페르시안,왼쪽눈,4.49
안검염,암컷,7,페르시안,오른쪽눈,4.49
안검염,수컷,9,페르시안,왼쪽눈,4.49
안검염,암컷,7,페르시안,왼쪽눈,4.49
안검염,암컷,7,페르시안,오른쪽눈,4.49
안검염,수컷,11,페르시안,왼쪽눈,4.49
안검염,수컷,11,페르시안,왼쪽눈,4.49
안검염,수컷,4,페르시안,왼쪽눈,4.49
안검염,수컷,4,페르시안,왼쪽눈,4.49
안검염,수컷,6,페르시안,왼쪽눈,4.49
안검염,수컷,6,페르시안,오른쪽눈,4.49
안검염,수컷,8,페르시안,오른쪽눈,4.49
안검염,암컷,7,페르시안,오른쪽눈,4.49
안검염,수컷,6,페르시안,오른쪽눈,4.49
안검염,수컷,11,페르시안,왼쪽눈,4.49
안검염,수컷,9,페르시안,오른쪽눈,4.49
안검염,수컷,1,페르시안,왼쪽눈,4.49
안검염,수컷,4,페르시안,왼쪽눈,4.49
안검염,수컷,1,페르시안,왼쪽눈,4.49
안검염,수컷,11,페르시안,왼쪽눈,4.49
안검염,수컷,4,페르시안,오른쪽눈,4.49
안검염,수컷,11,페르시안,오른쪽눈,4.49
안검염,수컷,12,페르시안,오른쪽눈,4.49
안검염,수컷,4,페르시안,오른쪽눈,4.49
안검염,수컷,11,페르시안,왼쪽눈,4.49
안검염,암컷,7,페르시안,왼쪽눈,4.49
안검염,암컷,7,페르시안,오른쪽눈,4.49
안검염,수컷,6,페르시안,왼쪽눈,4.49
안검염,수컷,11,페르시안,오른쪽눈,4.49
안검염,수컷,4,페르시안,오른쪽눈,4.49
안검염,암컷,1,페르시안,왼쪽눈,4.49
안검염,암컷,1,페르시안,오른쪽눈,4.49
안검염,암컷,2,페르시안,왼쪽눈,4.49
안검염,암컷,1,페르시안,왼쪽눈,4.49
안검염,암컷,3,페르시안,오른쪽눈,4.49
안검염,암컷,1,페르시안,오른쪽눈,4.49
안검염,암컷,1,페르시안,왼쪽눈,4.49
안검염,암컷,1,페르시안,왼쪽눈,4.49
안검염,수컷,9,하이랜더,왼쪽눈,9.0
안검염,수컷,9,하이랜더,왼쪽눈,9.0
안검염,수컷,9,하이랜더,왼쪽눈,9.0
안검염,수컷,9,하이랜더,왼쪽눈,9.0
안검염,수컷,9,하이랜더,왼쪽눈,9.0
안검염,수컷,9,하이랜더,왼쪽눈,9.0
안검염,수컷,9,하이랜더,왼쪽눈,9.0
안검염,수컷,9,하이랜더,왼쪽눈,9.0
안검염,수컷,9,하이랜더,왼쪽눈,9.0
안검염,암컷,0,히말라얀,왼쪽눈,0.89
안검염,수컷,8,히말라얀,오른쪽눈,0.89
안검염,암컷,0,히말라얀,오른쪽눈,0.89
안검염,암컷,0,히말라얀,왼쪽눈,0.89
안검염,암컷,0,히말라얀,오른쪽눈,0.89
안검염,암컷,0,히말라얀,왼쪽눈,0.89
안검염,암컷,0,히말라얀,오른쪽눈,0.89
안검염,암컷,0,히말라얀,오른쪽눈,0.89
안검염,암컷,0,히말라얀,오른쪽눈,0.89
